岗位名称,薪资待遇,实习时长,工作描述,学历要求,招聘人数,发布时间,公司名称,公司规模,工作地点,企业领域
经济观察报实习记者,面议,3个月,1. 对行业与相关领域的热点快速反应，行业会议与活动的第一现场报道采写；,本科,5,2023-04-06 15:54,经济观察报,101~300人,北京,广告|传媒|文化|体育
实习生,3-4K/月,长期,集团包含项目各岗位可实习,大专,10,2023-02-22 10:48,诚信行物业,3001人及以上,广东,建筑|地产|家居
互联网海外广告运营实习生,面议,3个月,1、统筹与执行客户与代理的广告订单，每日广告状况查看维护，根据目标进行数据分析，以完成上线广告的后续优化；,本科,10,2020-10-24 12:13,小米,3001人及以上,北京,互联网|游戏|软件
HR实习生-招聘方向,120-150元/天,3个月,工作地点：深圳,本科,2,2021-09-16 16:35,小米,3001人及以上,北京,互联网|游戏|软件
咖啡/面包实习生,面议,3个月,1、制作和提供品质如一的饮品和食品；,大专,2,2023-04-03 13:49,益海嘉里,3001人及以上,上海,交通|物流|贸易
社区内容运营实习,150-200元/天,长期,-负责挖掘头像、壁纸、表情包、素材等内容的流行趋势和玩法；,本科,1,2023-04-10 16:33,堆糖,51~100人,上海,互联网|游戏|软件
客户执行实习生,120-150元/天,3个月,1）协助客户经理做好客户后续衔接与公司内部的相关执行工作。,本科,2,2023-03-23 10:13,爱点击,1001~3000人,上海,互联网|游戏|软件
国际物流管理实习生,150-180元/天,3个月,1、 负责根据制单要求制作发票、箱单、产地证，负责出具海运保单以及其他所需单证，负责与客户确认全套资料；,本科,1,2023-03-30 10:49,美的集团,3001人及以上,广东,汽车|机械|制造
人事实习生,2-3K/月,3个月,1.协助办理集团及事业部所有员工的入离职的登记：,本科,1,2023-04-07 18:53,悍高集团股份有限公司,1001~3000人,广东,建筑|地产|家居
校园推广大使,面议,长期,1.负责校园内打车软件的推广工作，完成推广团队的招募及管理,硕士,30,2023-04-04 15:39,货拉拉,3001人及以上,广东,互联网|游戏|软件
剪辑实习生,120-150元/天,3个月,主要负责公司旗下红人、艺术家设计师的抖音、小红书或B站的内容剪辑：根据前期同事脚本需求，完成剪辑、节奏、结构、字幕效果、音效等创作。,本科,1,2023-04-06 11:43,爱点击,1001~3000人,上海,互联网|游戏|软件
政府信息化咨询助理,面议,6个月,1.协助咨询顾问为政府相关委办局提供政府信息化相关的全过程咨询服务，包括政府信息化项目的前期咨询、深化设计、监理服务等工作，解决政府相关委办局客户信息化建设中相关专业领域的整体架构、建设方案、过程管理、合法合规等各类管理问题。,本科,3,2023-04-07 16:14,邮研院,1001~3000人,上海,IT|通信|电子
校园招聘助理实习生,100-120元/天,4个月,A股上市公司科锐国际校园招聘业务招聘助理实习生,本科,1,2023-04-10 10:13,科锐国际,3001人及以上,北京,咨询/法律/人力资源
人事实习生,2-3K/月,3个月,1.协助办理集团及事业部所有员工的入离职的登记：,本科,1,2023-04-07 18:53,悍高集团股份有限公司,1001~3000人,广东,建筑|地产|家居
校园推广大使,面议,长期,1.负责校园内打车软件的推广工作，完成推广团队的招募及管理,硕士,30,2023-04-04 15:39,货拉拉,3001人及以上,广东,互联网|游戏|软件
短期线上录入实习生,150-200元/天,1个月,项目类型：信息审核兼职,不限,10,2023-04-07 16:30,点米科技,301~1000人,广东,互联网|游戏|软件
战略客户总部实习生（市场营销方向）,120-150元/天,3个月,1.对网络相关市场资讯、企业年报、竞品趋势等，进行搜索、整理和分析；,本科,1,2023-04-04 11:27,云南信托,101~300人,上海,金融
PR实习生,150-200元/天,5个月,1.按时完成舆情周报/竞品日报/简报/专报等撰写工作；,本科,1,2023-04-10 13:56,货拉拉,3001人及以上,广东,互联网|游戏|软件
财务实习生,100-120元/天,3个月,1、报销单据的初审及入账工作；,本科,2,2023-04-07 16:13,碧桂园集团,3001人及以上,广东,建筑|地产|家居
策划实习生,100-150元/天,6个月,1、协助策划、筹备、执行线下会议营销活动（包括展会、区域经销商会、新品发布会等）,本科,1,2023-04-07 09:38,理邦仪器,1001~3000人,广东,生物|医药
新媒体运营实习生,100-150元/天,6个月,工作职责：,本科,1,2023-04-06 16:19,理邦仪器,1001~3000人,广东,生物|医药
人力资源实习生,100-150元/天,6个月,协助人力资源日常事务性工作特别是招聘工作的开展，配合专业项目工作的组织和落地。,本科,1,2023-04-10 09:38,华润三九,3001人及以上,广东,生物|医药
猎头实习生,面议,3个月,1.根据客户所在行业，客户需求以及目标职位的分析，拟定一套完善的用人寻访目标公司和候选人寻访方案,本科,30,2023-04-10 10:30,科锐国际,1001~3000人,北京,咨询/法律/人力资源
猎头/招聘实习生（本岗位需深圳线下实习）,120-150元/天,3个月,【猎头/招聘实习生（需深圳线下实习）】 ,本科,5,2023-04-07 17:42,科锐国际,3001人及以上,北京,咨询/法律/人力资源
Marketing Intern-上海乐高乐园度假区,149-150元/天,长期,Responsibilities:,本科,1,2023-04-06 16:28,上海乐高乐园度假区,1001~3000人,上海,生活服务
市场营销,6-12K/月,6个月,1.负责公司产品的销售及推广； ,大专,5,2023-04-07 18:15,乐有家控股集团,3001人及以上,广东,建筑|地产|家居
剪辑实习生,120-150元/天,3个月,主要负责公司旗下红人、艺术家设计师的抖音、小红书或B站的内容剪辑：根据前期同事脚本需求，完成剪辑、节奏、结构、字幕效果、音效等创作。,本科,1,2023-04-06 11:43,爱点击,1001~3000人,上海,互联网|游戏|软件
校园招聘助理实习生,100-120元/天,4个月,A股上市公司科锐国际校园招聘业务招聘助理实习生,本科,1,2023-04-10 10:13,科锐国际,3001人及以上,北京,咨询/法律/人力资源
财务管理实习生,120-150元/天,长期,1、协助进行科目对账，资金类账户核对；,本科,1,2023-04-10 13:28,美的集团,3001人及以上,广东,汽车|机械|制造
国盛证券人力资源总部实习生,70-90元/天,3个月,岗位职责： 1、协助组织区域总部人员招聘、培训等工作； 2、协助办理区域总部入、转、调、离等相关手续； 3、协助办理上海地区落户、居住证等相关事宜；,本科,1,2023-04-10 14:31,国盛证券,1001~3000人,上海,金融
人力资源助理实习生,120-130元/天,6个月,【岗位职责】,本科,2,2023-04-10 10:13,科锐国际,3001人及以上,北京,咨询/法律/人力资源
医学代表实习生-辽宁,120-150元/天,3个月,1. 遵循国家，行业和公司的法规，秉持高标准的商业规范。,本科,30,2023-04-10 15:07,阿斯利康,3001人及以上,上海,生物|医药
Business Analysis 助理商业分析师,9-12K/月,3个月,工作内容：,硕士,20,2023-04-10 14:11,凯捷咨询,3001人及以上,上海,咨询/法律/人力资源
[2024届实习可转正] 保险产品实习生（英语/日语）-大连/上海,120-220元/天,3个月,1.根据业务需求，协助导师研究互联网保险市场趋势及竞品动态，完成从保险产品市场调研、需求收集、形态设计、上线推动及产品营销的全过程，进行创新保险产品设计开发；,本科,18,2023-04-10 16:28,众安,1001~3000人,广东,互联网|游戏|软件
PR实习生,150-200元/天,5个月,1.按时完成舆情周报/竞品日报/简报/专报等撰写工作；,本科,1,2023-04-10 13:56,货拉拉,3001人及以上,广东,互联网|游戏|软件
策划实习生,100-150元/天,6个月,1、协助策划、筹备、执行线下会议营销活动（包括展会、区域经销商会、新品发布会等）,本科,1,2023-04-07 09:38,理邦仪器,1001~3000人,广东,生物|医药
内容运营实习生【公众号方向】,180-230元/天,3个月,岗位职责：,本科,1,2023-04-10 16:58,微店,1001~3000人,北京,互联网|游戏|软件
战略客户总部实习生（市场营销方向）,120-150元/天,3个月,1.对网络相关市场资讯、企业年报、竞品趋势等，进行搜索、整理和分析；,本科,1,2023-04-04 11:27,云南信托,101~300人,上海,金融
财务实习生,100-120元/天,3个月,1、报销单据的初审及入账工作；,本科,2,2023-04-07 16:13,碧桂园集团,3001人及以上,广东,建筑|地产|家居
HR招聘实习生,120-150元/天,3个月,1、利用各种招聘渠道发布招聘广告，寻求招聘机构； ,本科,13,2023-04-04 15:45,科锐国际,3001人及以上,北京,咨询/法律/人力资源
销售管理实习生,150-180元/天,3个月,1. 与销售部门紧密衔接，分析数据、管理需求预测；,不限,1,2023-04-06 10:19,美的集团,3001人及以上,广东,汽车|机械|制造
招聘方向实习生（HR4HR）,200-220元/天,3个月,协助推进招聘全流程工作、协助招聘项目开展及招聘数据统计。,本科,1,2023-04-07 15:07,美团,1001~3000人,北京,互联网|游戏|软件
运营实习生,150-200元/天,3个月,岗位职责：,本科,2,2023-04-10 11:59,云上会展有限公司,51~100人,上海,互联网|游戏|软件
短视频实习生,150-200元/天,4个月,1、参与公司合作及自建账号的定位规划、内容策划、拍摄剪辑工作 ,大专,1,2023-04-06 19:17,货拉拉,3001人及以上,广东,互联网|游戏|软件
短视频拍摄剪辑实习生,120-121元/天,3个月,【投递前请保证你的简历里内置你的作品链接，并介绍清楚你熟悉的拍摄产品】,本科,1,2023-04-10 15:28,网易有道,3001人及以上,北京,互联网|游戏|软件
桌面运维实习生,120-180元/天,3个月,【Job Description】,大专,2,2023-04-03 23:46,晶科科技,1001~3000人,上海,能源|环保
运营(销售）助理,130-150元/天,3个月,1、协助上海区域销售数据的统计与分析,本科,1,2023-04-06 15:14,好买财富,1001~3000人,上海,金融
上市公司-猎头实习生（线下）,120-150元/天,3个月,1、协助猎头顾问并独立对互联网/高科技客户需求职位（技术岗位居多）进行分析； ,本科,5,2023-04-04 15:45,科锐国际,3001人及以上,北京,咨询/法律/人力资源
校园推广大使,面议,长期,1.负责校园内打车软件的推广工作，完成推广团队的招募及管理,大专,30,2023-04-04 15:36,货拉拉,3001人及以上,广东,互联网|游戏|软件
校园推广大使,面议,长期,1.负责校园内打车软件的推广工作，完成推广团队的招募及管理,本科,30,2023-04-06 19:17,货拉拉,3001人及以上,广东,互联网|游戏|软件
股权投行实习生-武汉,80-100元/天,3个月,1）  协助项目组人员负责股权类业务的项目承做，协助梳理项目的尽职调查、方案设计、工作底稿及申报材料制作、项目报批、项目发行等全过程运作；,硕士,1,2023-04-07 15:05,天风证券,301~1000人,湖北,金融
医学代表实习生-内蒙古,120-150元/天,3个月,1. 遵循国家，行业和公司的法规，秉持高标准的商业规范。,本科,30,2023-04-10 15:07,阿斯利康,3001人及以上,上海,生物|医药
会计实习生,150-200元/天,4个月,JOB RESPONSIBILITY：,本科,1,2023-04-06 10:43,卡特彼勒,301~1000人,北京,汽车|机械|制造
HR实习生,100-200元/天,2个月,岗位职责：,本科,25,2023-04-10 10:30,科锐国际,1001~3000人,北京,咨询/法律/人力资源
医学代表实习生-吉林,120-150元/天,3个月,1. 遵循国家，行业和公司的法规，秉持高标准的商业规范。,本科,30,2023-04-10 15:07,阿斯利康,3001人及以上,上海,生物|医药
上市公司 · 猎头实习生（西安）线下,100-200元/天,3个月,1、协助专业顾问分析客户的职位需求，明确目标公司的用人需求和候选人的职业发展诉求；,本科,10,2023-04-04 15:47,科锐国际,3001人及以上,北京,咨询/法律/人力资源
固定收益部实习生,120-150元/天,3个月,重点协助投资助理、产品助理、信用研究助理中的其中一个方向工作，协助剩余方向的工作，可能涉及的工作有：,本科,3,2023-04-04 17:48,云南信托,101~300人,上海,金融
海外市场实习生,150-180元/天,3个月,【工作职责】,本科,1,2023-04-07 14:05,叽里呱啦,301~1000人,上海,互联网|游戏|软件
A股上市公司猎头顾问实习生,100-120元/天,3个月,认识我们,本科,150,2023-04-10 10:13,科锐国际,3001人及以上,北京,咨询/法律/人力资源
政府信息化咨询助理（实习生）,120-150元/天,6个月,1. 协助咨询顾问为政府相关委办局提供政府信息化相关的全过程咨询服务，包括政府信息化项目的前期咨询、深化设计、监理服务等工作，解决政府相关委办局客户信息化建设中相关专业领域的整体架构、建设方案、过程管理、合法合规等各类管理问题。,本科,3,2023-04-07 16:14,邮研院,1001~3000人,上海,IT|通信|电子
海外市场实习生,150-180元/天,3个月,【工作职责】,本科,1,2023-04-07 14:05,叽里呱啦,301~1000人,上海,互联网|游戏|软件
活动运营实习生,100-101元/天,3个月,1、 立足项目目标，结合适用节点，参与面向目标用户的活动策划；,不限,1,2023-04-04 18:53,搜狐,3001人及以上,北京,互联网|游戏|软件
人力实习生,129-135元/天,3个月,1、招聘,本科,2,2023-04-07 16:32,力合科创,301~1000人,广东,金融
【base广州】招聘/猎头实习生(转正机会）,120-150元/天,3个月,【工作职责】：,本科,30,2023-04-04 16:45,科锐国际,3001人及以上,北京,咨询/法律/人力资源
大学生管培生,7-14K/月,6个月,【薪酬待遇怎么样呢？收入自主是什么？】,大专,5,2023-04-07 18:15,乐有家控股集团,3001人及以上,广东,建筑|地产|家居
政府信息化咨询助理（实习生，可转正）,120-150元/天,6个月,1. 协助咨询顾问为政府相关委办局提供政府信息化相关的全过程咨询服务，包括政府信息化项目的前期咨询、深化设计、监理服务等工作，解决政府相关委办局客户信息化建设中相关专业领域的整体架构、建设方案、过程管理、合法合规等各类管理问题。,本科,3,2023-04-07 16:14,邮研院,1001~3000人,上海,IT|通信|电子
市场实习生,189-190元/天,长期,RESPONSIBILITIES,本科,1,2023-04-10 16:04,达伯埃,51~100人,上海,快速消费品
社群运营实习生,120-180元/天,3个月,1、根据业务发展方向，管理社群运营，挖掘社群用户需求点，通过活动、互动等提高社群粘性 ,大专,2,2023-04-04 09:35,货拉拉,3001人及以上,广东,互联网|游戏|软件
量化投资实习生,100-150元/天,3个月,1、开发投资策略所使用的量化因子；,硕士,2,2023-04-04 13:20,湘财证券,3001人及以上,上海,金融
活动运营实习生,100-150元/天,3个月,1、负责高校活动的跟进，输出活动方案及宣传物料，跟踪、把控活动整体流程并对拉新目标进行管理（主要内容为简历大赛，及高校活动的赞助等）,本科,1,2023-04-04 17:16,丁香园,1001~3000人,浙江,互联网|游戏|软件
活动运营实习生,100-150元/天,3个月,1、负责高校活动的跟进，输出活动方案及宣传物料，跟踪、把控活动整体流程并对拉新目标进行管理（主要内容为简历大赛，及高校活动的赞助等）,本科,1,2023-04-04 17:16,丁香园,1001~3000人,浙江,互联网|游戏|软件
用户运营实习生,120-150元/天,3个月,1、参与用户运营策略制定及实施，实现用户增长、转化和老用户留存； ,本科,3,2023-04-07 15:28,网易有道,3001人及以上,北京,互联网|游戏|软件
猎头/招聘实习生（本岗位需广州线下实习）,120-150元/天,3个月,【猎头/招聘实习生（需广州线下实习）】 ,本科,5,2023-04-07 17:42,科锐国际,3001人及以上,北京,咨询/法律/人力资源
招聘/猎头实习生（远程线上实习，全国可投）,120-150元/天,3个月,【招聘实习生（远程线上实习）】 ,本科,5,2023-04-07 17:42,科锐国际,3001人及以上,北京,咨询/法律/人力资源
新媒体运营实习生,150-180元/天,3个月,岗位职责：,本科,1,2023-04-07 13:34,叽里呱啦,301~1000人,上海,互联网|游戏|软件
用户运营实习生（丁香园APP）,100-150元/天,3个月,1.负责整理丁香园APP内的优质内容，在各渠道对内容进行分发，提升APP活跃。,本科,1,2023-04-10 16:08,丁香园,1001~3000人,浙江,互联网|游戏|软件
行政实习生,100-150元/天,3个月,1、行政类费用管理：统筹公司各中心、部门行政类统筹专控费用（通讯、车补、交际、差旅等）管理，规范费用标准，有效控制公司的成本费用；,本科,1,2023-04-10 13:36,华润三九,3001人及以上,广东,生物|医药
猎头/招聘实习生（本岗位需深圳线下实习）,120-200元/天,3个月,【猎头/招聘实习生（需深圳线下实习）】 ,本科,5,2023-04-07 17:42,科锐国际,3001人及以上,北京,咨询/法律/人力资源
猎头/招聘实习生（本岗位需广州线下实习）,120-150元/天,3个月,【猎头/招聘实习生（需广州线下实习）】 ,本科,5,2023-04-07 17:42,科锐国际,3001人及以上,北京,咨询/法律/人力资源
资料录入文员,150-200元/天,3个月,1、整理法院内部案件纸质材料，并做好扫描、整理、登记，与案件管理人员核对案件整理无误,大专,4,2023-04-10 09:45,北明软件,1001~3000人,广东,IT|通信|电子
摄影与艺术出版分社实习生,面议,3个月,（1）协助各大网站相关图书信息维护,本科,3,2023-04-07 11:24,电子社,301~1000人,北京,广告|传媒|文化|体育
HR实习生,100-200元/天,2个月,岗位职责：,本科,25,2023-04-10 10:30,科锐国际,1001~3000人,北京,咨询/法律/人力资源
A股上市公司猎头顾问实习生,100-120元/天,3个月,认识我们,本科,150,2023-04-10 10:13,科锐国际,3001人及以上,北京,咨询/法律/人力资源
政府信息化咨询助理（实习生）,120-150元/天,6个月,1. 协助咨询顾问为政府相关委办局提供政府信息化相关的全过程咨询服务，包括政府信息化项目的前期咨询、深化设计、监理服务等工作，解决政府相关委办局客户信息化建设中相关专业领域的整体架构、建设方案、过程管理、合法合规等各类管理问题。,本科,3,2023-04-07 16:14,邮研院,1001~3000人,上海,IT|通信|电子
财务实习生,120-150元/天,3个月,1. 负责财务部各业务模块的数据整理、筛选，单据核对工作；,本科,3,2023-04-07 16:29,和誉生物,101~300人,上海,生物|医药
HR招聘实习生,130-150元/天,3个月,1. 结合业务发展和用人部门需求，确定招聘需求并实施招聘；,本科,10,2023-04-10 13:58,中芯国际,3001人及以上,上海,IT|通信|电子
质量与法规事务实习生,120-150元/天,3个月,职位描述：,不限,1,2023-04-07 10:44,费森尤斯医疗,1001~3000人,上海,生物|医药
上市公司-猎头实习生（线下）,120-150元/天,3个月,1、协助猎头顾问并独立对互联网/高科技客户需求职位（技术岗位居多）进行分析； ,本科,5,2023-04-04 15:45,科锐国际,3001人及以上,北京,咨询/法律/人力资源
医学代表实习生-吉林,120-150元/天,3个月,1. 遵循国家，行业和公司的法规，秉持高标准的商业规范。,本科,30,2023-04-10 15:07,阿斯利康,3001人及以上,上海,生物|医药
医学代表实习生-内蒙古,120-150元/天,3个月,1. 遵循国家，行业和公司的法规，秉持高标准的商业规范。,本科,30,2023-04-10 15:07,阿斯利康,3001人及以上,上海,生物|医药
KOL执行实习生,120-150元/天,3个月,1）负责配合执行提报商务需求,本科,1,2023-04-06 11:43,爱点击,1001~3000人,上海,互联网|游戏|软件
上市公司 · 猎头实习生（西安）线下,100-200元/天,3个月,1、协助专业顾问分析客户的职位需求，明确目标公司的用人需求和候选人的职业发展诉求；,本科,10,2023-04-04 15:47,科锐国际,3001人及以上,北京,咨询/法律/人力资源
校园推广大使,面议,长期,1.负责校园内打车软件的推广工作，完成推广团队的招募及管理,大专,30,2023-04-04 15:36,货拉拉,3001人及以上,广东,互联网|游戏|软件
校园推广大使,面议,长期,1.负责校园内打车软件的推广工作，完成推广团队的招募及管理,本科,30,2023-04-06 19:17,货拉拉,3001人及以上,广东,互联网|游戏|软件
固定收益部实习生,120-150元/天,3个月,重点协助投资助理、产品助理、信用研究助理中的其中一个方向工作，协助剩余方向的工作，可能涉及的工作有：,本科,3,2023-04-04 17:48,云南信托,101~300人,上海,金融
会计实习生,150-200元/天,4个月,JOB RESPONSIBILITY：,本科,1,2023-04-06 10:43,卡特彼勒,301~1000人,北京,汽车|机械|制造
海外市场实习生,150-180元/天,3个月,【工作职责】,本科,1,2023-04-07 14:05,叽里呱啦,301~1000人,上海,互联网|游戏|软件
股权投行实习生-武汉,80-100元/天,3个月,1）  协助项目组人员负责股权类业务的项目承做，协助梳理项目的尽职调查、方案设计、工作底稿及申报材料制作、项目报批、项目发行等全过程运作；,硕士,1,2023-04-07 15:05,天风证券,301~1000人,湖北,金融
线上实习生,120-200元/天,2个月,科锐国际 ,本科,40,2023-04-10 10:52,科锐国际,3001人及以上,北京,咨询/法律/人力资源
BD（销售）实习生,120-200元/天,2个月,1、按计划及要求联系拜访客户，为目标客户提供有效的咨询及解决方案；,本科,5,2023-04-03 15:24,科锐国际,3001人及以上,北京,咨询/法律/人力资源
财务实习生,120-150元/天,3个月,1、凭证整理装订；,本科,2,2023-04-03 15:24,科锐国际,3001人及以上,北京,咨询/法律/人力资源
行政实习生,120-150元/天,3个月,1、日常单据报销审核；,本科,2,2023-04-03 15:23,科锐国际,3001人及以上,北京,咨询/法律/人力资源
华南商务合作助理（实习）,80-100元/天,3个月,1、协助完成客户背调，提取核心信息,本科,1,2023-04-03 15:02,财新传媒,301~1000人,广东,广告|传媒|文化|体育
业务流程管理实习生,80-100元/天,4个月,1.业务流程管理的辅助，协助处理业务内控流程、合规审核、报销、系统录入等工作；,本科,1,2023-04-03 14:30,dentsu,1001~3000人,北京,广告|传媒|文化|体育
HRBP实习生,100-120元/天,3个月,1、协助外部相关政策柜台咨询及办理；,本科,1,2023-04-03 13:49,益海嘉里,3001人及以上,上海,交通|物流|贸易
日化品牌实习生,80-120元/天,3个月,【工作职责】,本科,1,2023-04-03 13:49,益海嘉里,3001人及以上,上海,交通|物流|贸易
项目助理（PMO）+SAP HR模块实习生,150-190元/天,长期,Working content:,本科,1,2023-04-03 13:49,源讯中国,301~1000人,北京,互联网|游戏|软件
软件测试实习生,150-190元/天,长期,1. 协助工程师follow case进度；,本科,1,2023-04-03 13:46,源讯中国,301~1000人,北京,互联网|游戏|软件
招聘实习生 （北京）,100-150元/天,3个月,1、快速理解客户公司委托的职位，制定找寻人才的方向； ,本科,20,2023-04-03 13:34,科锐国际,3001人及以上,北京,咨询/法律/人力资源
猎头实习生（北京、天津）,100-150元/天,3个月,1.参与日常招聘工作，协助进行人才招聘、面试安排及接待等工作；,本科,20,2023-04-03 13:34,科锐国际,3001人及以上,北京,咨询/法律/人力资源
行政前台,100-120元/天,3个月,岗位职责：,本科,1,2023-04-03 13:33,中投中财,101~300人,北京,金融
HR实习生（招聘）,140-150元/天,3个月,1、维护、拓展公司招聘渠道，更新招聘信息 ；,本科,1,2023-04-03 11:10,字节跳动,3001人及以上,上海,互联网|游戏|软件
销售助理实习生,100-150元/天,3个月,工作职责：,本科,3,2023-04-03 10:48,东软集团,3001人及以上,北京,互联网|游戏|软件
渠道管理实习生,120-150元/天,6个月,1、经销商资质文档管理。,本科,1,2023-04-03 10:06,费森尤斯医疗,1001~3000人,上海,生物|医药
内容运营助理,120-200元/天,3个月,1. 基于品牌特性、产品卖点与动态市场洞察，结合热点、节日、品牌事件，以及销售端口产品端口需求反馈，提炼亮点，进行文案编辑撰写；,本科,2,2023-04-03 09:18,新通教育,3001人及以上,浙江,教育培训
售后市场部实习生,120-150元/天,6个月,售后市场部直接面对终端市场和客户，负责售后市场的市场战略/产品/以及内容的输出，同时负责组织线上和线下的市场活动来触达我们的客户。,本科,1,2023-04-04 10:51,盖瑞特,1001~3000人,上海,汽车|机械|制造
人事专员,面议,3个月,每天负责跟进招聘员工、去各个平台发布招聘信息、面试员工等相关工作。,大专,30,2023-04-06 09:22,湖北纳杰,3001人及以上,湖北,咨询/法律/人力资源
招聘实习生,100-150元/天,3个月,【岗位职责】,不限,1,2023-04-06 11:45,Fesco广东,301~1000人,广东,咨询/法律/人力资源
管培生,8-16元/天,6个月,工作职责：,本科,30,2023-04-07 20:51,德佑房产,3001人及以上,上海,互联网|游戏|软件
财务实习生,120-150元/天,6个月,具体职责:,本科,1,2023-04-06 13:44,上海贝尔企业通信,301~1000人,上海,IT|通信|电子
猎头顾问实习生,100-200元/天,3个月,1、协助专业顾问分析客户的职位需求，明确目标公司的用人需求和候选人的职业发展诉求；,本科,10,2023-04-10 10:20,科锐国际,301~1000人,陕西,咨询/法律/人力资源
资本市场部实习生,90-100元/天,3个月,1、参与私募基金发行全生命周期管理工作，包括但不限于产品发行成立、产品备案、产品建仓及调仓等； ,本科,2,2023-04-10 15:13,陆浦投资,301~1000人,上海,金融
招聘实习生,100-150元/天,3个月,【岗位职责】,不限,1,2023-04-06 11:45,Fesco广东,301~1000人,广东,咨询/法律/人力资源
人事专员,6-10K/月,3个月,1、日常电话招聘、校园招聘会招聘,大专,15,2023-04-10 09:34,湖北纳杰,3001人及以上,湖北,咨询/法律/人力资源
财务实习生,120-150元/天,6个月,具体职责:,本科,1,2023-04-06 13:44,上海贝尔企业通信,301~1000人,上海,IT|通信|电子
招聘专员,6-10K/月,长期,1.负责相关的职位的招聘工作,大专,20,2023-04-10 09:34,湖北纳杰,3001人及以上,湖北,咨询/法律/人力资源
编辑实习生——统计学,120-200元/天,3个月,与统计学专业考研考证相关的笔记整理、核对答案解析等。,硕士,100,2023-04-10 09:02,圣才电子书,101~300人,北京,互联网|游戏|软件
HR实习生,100-200元/天,3个月,1、协助专业顾问分析客户的职位需求，明确目标公司的用人需求和候选人的职业发展诉求；,本科,15,2023-04-10 17:38,科锐国际,301~1000人,陕西,咨询/法律/人力资源
HR实习生,100-200元/天,3个月,1、协助专业顾问分析客户的职位需求，明确目标公司的用人需求和候选人的职业发展诉求；,本科,15,2023-04-10 17:38,科锐国际,301~1000人,陕西,咨询/法律/人力资源
网课-教学助教 | Teaching Assistant,100-150元/天,1个月,一、实习岗位,本科,10,2023-04-07 16:48,JNC,51~100人,广东,教育培训
HR Intern,120-150元/天,3个月,协助HR同事完成日常招聘工作,本科,1,2023-04-06 15:34,盖瑞特,1001~3000人,上海,汽车|机械|制造
招聘主管,6-12K/月,长期,1. 负责完成公司的招聘目标，快速满足各部门的招聘需求；,大专,10,2023-04-10 13:37,湖北纳杰,3001人及以上,湖北,咨询/法律/人力资源
财务实习生,120-150元/天,长期,具体职责:,本科,1,2023-04-06 13:44,上海贝尔企业通信,301~1000人,上海,IT|通信|电子
汽车智能网联实习生,150-200元/天,6个月,我们是：,本科,1,2023-04-06 10:09,盖瑞特,1001~3000人,上海,汽车|机械|制造
招聘专员,5-8K/月,6个月,1. 负责完成公司的招聘目标，快速满足各部门的招聘需求；,本科,10,2023-04-06 16:35,湖北纳杰,3001人及以上,湖北,咨询/法律/人力资源
销售助理实习生,140-170元/天,3个月,1. 协助渠道销售部以及经销商完成报价、下 单、跟进交货及出货安排;      ,大专,2,2023-04-10 13:20,外企德科,1001~3000人,上海,咨询/法律/人力资源
猎头顾问,100-200元/天,3个月,1.根据客户所在行业，客户需求以及目标职位的分析，拟定一套完善的用人寻访目标公司和候选人寻访方案,本科,15,2023-04-04 14:52,科锐国际,301~1000人,陕西,咨询/法律/人力资源
猎头实习生,100-200元/天,3个月,1、协助专业顾问分析客户的职位需求，明确目标公司的用人需求和候选人的职业发展诉求；,本科,15,2023-04-07 16:28,科锐国际,301~1000人,陕西,咨询/法律/人力资源
营销分析实习生,120-150元/天,3个月,"""最新的汽车工业和涡轮增压竞争动态：",本科,1,2023-04-06 10:13,盖瑞特,1001~3000人,上海,汽车|机械|制造
线下项目-教学助教 | Teaching Assistant,100-150元/天,1个月,一、实习岗位,本科,10,2023-04-07 16:48,JNC,51~100人,广东,教育培训
综合部实习生,145-150元/天,3个月,工作职责：,本科,1,2023-04-04 12:27,理成资产,11~50人,上海,金融
资本市场部实习生（工作地点：上海）,99-100元/天,长期,1、参与私募基金发行全生命周期管理工作，包括但不限于产品发行成立、产品备案、产品建仓及调仓等； ,本科,2,2023-04-10 15:13,陆浦投资,301~1000人,上海,金融
Marketing Analyst Intern,140-170元/天,6个月,Your role with Garrett：,本科,1,2023-04-06 10:09,盖瑞特,1001~3000人,上海,汽车|机械|制造
人事/HR实习生,5-10K/月,2个月,【工作内容】：,大专,20,2023-04-07 15:18,湖北纳杰,3001人及以上,湖北,咨询/法律/人力资源
数字化推广实习生,140-170元/天,3个月,美化ppt,本科,1,2023-04-10 10:37,外企德科,1001~3000人,上海,咨询/法律/人力资源
编辑实习生——金融学,120-200元/天,3个月,与金融学专业考研考证相关的笔记整理、核对答案解析等。,硕士,100,2023-04-10 09:02,圣才电子书,101~300人,北京,互联网|游戏|软件
寒暑假工,4-6K/月,2个月,负责产线的正常生产,不限,60,2023-04-07 14:41,湖北纳杰,3001人及以上,湖北,咨询/法律/人力资源
编辑实习生——护理学,120-200元/天,3个月,与护理学专业考研考证相关的笔记整理、核对答案解析等。,硕士,100,2023-04-10 09:02,圣才电子书,101~300人,北京,互联网|游戏|软件
马原编辑实习生,120-200元/天,3个月,跟药学专业考研考证相关的笔记整理、核对答案解析等。,硕士,100,2023-04-04 08:45,圣才电子书,101~300人,北京,互联网|游戏|软件
猎头顾问实习生,100-200元/天,3个月,1、协助专业顾问分析客户的职位需求，明确目标公司的用人需求和候选人的职业发展诉求；,本科,15,2023-04-10 17:38,科锐国际,301~1000人,陕西,咨询/法律/人力资源
文案实习生（帮朋友公司发）,140-150元/天,6个月,工作内容：,本科,1,2023-04-03 17:23,CGP,101~300人,上海,咨询/法律/人力资源
小学助教老师,100-200元/天,1个月,1、跟进体验课学员，与学员及家长保持良好沟通，加强客户对课程产品的兴趣；,本科,20,2023-03-31 17:49,跟谁学高途课堂,3001人及以上,四川,教育培训
人力资源实习生,170-230元/天,4个月,1. 协助开展各项人员招聘工作，参与面试全流程管理，并协助优化招聘相关制度、流程和表单；,本科,2,2023-03-31 15:53,科园贸易,301~1000人,北京,生物|医药
蔚来实习生,150-200元/天,6个月,1、负责对内和对外的VI设计与落地；,本科,1,2023-03-31 14:21,NIO蔚来,3001人及以上,上海,汽车|机械|制造
服务代表实习,100-150元/天,4个月,工作职责:,大专,2,2023-03-31 14:20,NIO蔚来,3001人及以上,上海,汽车|机械|制造
蔚来顾问助理（义乌）,100-150元/天,6个月,1.在展厅接待潜在用户，介绍车辆信息，解答疑问。,大专,1,2023-03-31 14:19,NIO蔚来,3001人及以上,上海,汽车|机械|制造
运营实习生,100-150元/天,6个月,工作职责: ,本科,1,2023-03-31 14:19,NIO蔚来,3001人及以上,上海,汽车|机械|制造
交付实习生,100-150元/天,3个月,1. 完成车辆美容之前的文件准备工作；,本科,2,2023-03-31 14:18,NIO蔚来,3001人及以上,上海,汽车|机械|制造
交付实习生,100-150元/天,4个月,1.负责交付现场秩序维护以及物料准备,大专,1,2023-03-31 14:18,NIO蔚来,3001人及以上,上海,汽车|机械|制造
活动运营实习生,100-150元/天,5个月,1、 统筹业务运营阶段性目标与策略，实现良好的过程管理，并对阶段性目标结果与输出负责；,大专,1,2023-03-31 14:18,NIO蔚来,3001人及以上,上海,汽车|机械|制造
蔚来空间运营实习生,100-150元/天,6个月,1.价值观建立，在日常工作中践行蔚来价值观,本科,1,2023-03-31 14:17,NIO蔚来,3001人及以上,上海,汽车|机械|制造
蔚来实习生,150-200元/天,6个月,1、负责对内和对外的VI设计与落地；,本科,1,2023-03-31 14:17,NIO蔚来,3001人及以上,上海,汽车|机械|制造
蔚来顾问实习生（金华）,100-150元/天,6个月,1.在展厅接待潜在用户，介绍车辆信息，解答疑问。,大专,1,2023-03-31 14:10,NIO蔚来,3001人及以上,上海,汽车|机械|制造
蔚来实习生（市场方向）,140-150元/天,6个月,1.  用户活动策划与执行；,本科,1,2023-03-31 14:09,NIO蔚来,3001人及以上,上海,汽车|机械|制造
市场部实习生,100-150元/天,6个月,内容生产：协助参与产出具备品牌产品力、向往感的内容,本科,1,2023-03-31 14:08,NIO蔚来,3001人及以上,上海,汽车|机械|制造
蔚来顾问助理（永康）,100-150元/天,6个月,1.在展厅接待潜在用户，介绍车辆信息，解答疑问。,大专,1,2023-03-31 14:07,NIO蔚来,3001人及以上,上海,汽车|机械|制造
蔚来顾问助理实习生,100-150元/天,6个月,1.在展厅接待潜在用户，介绍车辆信息，解答疑问。,大专,1,2023-03-31 13:58,NIO蔚来,3001人及以上,上海,汽车|机械|制造
HR Intern人事实习生,149-150元/天,长期,注：岗位不接受线上实习，地点位于上海市金山区,本科,1,2023-03-31 13:26,上海乐高乐园度假区,1001~3000人,上海,生活服务
用户增长数据分析,200-300元/天,3个月,1. 洞察分析：分析和挖掘目标客群及潜在客群的需求，研究用户行为和消费习惯，为产品和运营的优化提供科学支持；包括但不限于：用户生命周期管理，兴趣偏好预测，行为特征评分，基础画像标签，流量漏斗优化等； ,硕士,2,2023-03-31 10:51,京东,3001人及以上,北京,互联网|游戏|软件
人力资源部实习生,120-140元/天,3个月,1、协助开展招聘工作，简历筛选、面试安排等；,本科,1,2023-03-31 10:03,财通基金,301~1000人,上海,金融
后端开发实习生（可转正）,4-6K/月,3个月,1、参与产品需求、研发设计的相关讨论，能快速理解业务需求；,本科,10,2023-04-05 15:10,科通实业,51~100人,上海,互联网|游戏|软件
猎头顾问助理,100-150元/天,长期,1、协助猎头顾问，对所操作的项目职位进行学习、资料收集；,本科,5,2023-04-10 17:25,猎聘网,1001~3000人,广东,互联网|游戏|软件
人力资源实习生,100-120元/天,3个月,（1）HRBP：配合同事完成业务线招聘、培训、员工关系等模块相关的专项工作； ,本科,2,2023-04-10 14:23,深圳中海地产有限公司,101~300人,广东,建筑|地产|家居
web前端开发实习生（可转正）,4-6K/月,3个月,1、参与产品需求、研发设计的相关讨论，能快速理解业务需求；,本科,10,2023-04-10 11:55,科通实业,51~100人,上海,互联网|游戏|软件
行政助理实习生,100-150元/天,2个月,• 作为联络人，协助GCO China进行临床试验审批材料的盖章与邮寄。,本科,1,2023-04-10 13:29,利奥医药,101~300人,全国,生物|医药
产品助理实习生（可转正）,4-6K/月,3个月,1，协助项目经理完成整个项目过程工作开展；,本科,10,2023-04-04 12:38,科通实业,51~100人,上海,互联网|游戏|软件
新媒体运营实习生（可转正）,4-6K/月,3个月,1、负责新媒体（官方微博、微信、视频号等）的日常运营工作，包括但不限于活动策划、热点追踪、用户互动、传播资源的整合，增加粉丝数、增强活跃度、提高曝光率。,本科,10,2023-04-06 19:00,科通实业,51~100人,上海,互联网|游戏|软件
人力资源实习生（招聘方向）,100-120元/天,长期,1、协助猎头顾问，对所操作的项目职位进行学习、资料收集；,不限,3,2023-04-10 17:25,猎聘网,1001~3000人,广东,互联网|游戏|软件
HR实习,120-150元/天,3个月,DSS Sustainable Solutions is the former consulting business unit of DuPont known as DuPont Sustainable Solutions which became an independent consulting firm in 2019 after its separation from DuPont. ,本科,1,2023-04-10 09:27,DSS,51~100人,上海,咨询/法律/人力资源
质量实习生（APU质量）,120-130元/天,6个月,1、协助EWS文档更新,本科,1,2023-04-10 09:09,法雷奥佛山冷却,301~1000人,广东,汽车|机械|制造
销售顾问实习生,3-5K/月,3个月,一、福利待遇说明：,本科,10,2023-04-05 15:10,科通实业,51~100人,上海,互联网|游戏|软件
测试实习生（可转正）,4-6K/月,3个月,1、参与本公司项目开发的各个环节，全面了解产品的功能点；,本科,10,2023-04-05 15:10,科通实业,51~100人,上海,互联网|游戏|软件
"Scheduler, Intern",120-150元/天,3个月,DSS Sustainable Solutions is the former consulting business unit of DuPont known as DuPont Sustainable Solutions which became an independent consulting firm in 2019 after its separation from DuPont. ,本科,1,2023-04-10 09:27,DSS,51~100人,上海,咨询/法律/人力资源
法务实习生（可转正）,4-6K/月,3个月,1.对研究院业务提供法律支持，对法律风险进行评估并提出改进方案；,本科,10,2023-04-10 11:55,科通实业,51~100人,上海,互联网|游戏|软件
编导/短视频实习生（可转正）,4-6K/月,3个月,1.负责15秒-60秒广告短视频的撰本撰写、内容策划、视频拍摄、后期剪辑等工作； ,本科,10,2023-04-06 19:00,科通实业,51~100人,上海,互联网|游戏|软件
线上HR助理实习生,1-2K/月,长期,1、  协助HR主管进行全职人员、兼职人员以及实习生的招聘；,不限,15,2023-04-06 19:00,科通实业,51~100人,上海,互联网|游戏|软件
人力资源实习生-员工关系方向,100-150元/天,2个月,1、协助员工关系的入、离、续、转、调的手续办理,本科,1,2023-04-10 13:29,利奥医药,101~300人,全国,生物|医药
猎头顾问助理实习生/招聘实习生,100-140元/天,2个月,下一位【猎头顾问助理】会是你吗？有意往人力资源招聘方向发展的童鞋们，赶紧投递简历吧！,本科,3,2023-04-10 17:25,猎聘网,1001~3000人,广东,互联网|游戏|软件
财务助理实习生（可转正）,4-6K/月,3个月,1、财务数据录入。,本科,10,2023-04-10 11:55,科通实业,51~100人,上海,互联网|游戏|软件
精益生产实习生,120-130元/天,6个月,1、负责工厂标准工时的测定，工序重排方案的制订；,本科,1,2023-04-10 09:03,法雷奥佛山冷却,301~1000人,广东,汽车|机械|制造
人力资源实习生（员工关系方向）,3-4K/月,3个月,1、协调办理员工的入职、转正、离职、调岗等手续；,本科,1,2023-04-03 16:52,深圳金斧子,301~1000人,广东,金融
品牌设计实习生,150-200元/天,4个月,【源码资本】品牌设计实习生,本科,1,2023-03-30 17:51,源码资本,11~50人,北京,金融
软件测试实习生（24届-广州）,150-220元/天,5个月,1、参与需求评审，充分理解项目需求细节，并提出评审缺陷；,本科,5,2023-03-30 17:39,华资软件,1001~3000人,广东,互联网|游戏|软件
项目经理管培生（24届-广州）,150-220元/天,5个月,注意：此岗位最终培养方向为软件项目经理岗位，旨在培养同学能够在3-4年的培养周期内独立负责事业部软件类项目管理工作，采用1对1导师制，导师为具有百万级以上项目管理经验的资深项目经理，同时在月度/季度/年度不同周期内设置阶段目标以及不同工作内容的轮岗，逐步根据能力赋予一定挑战性的工作。,本科,5,2023-03-30 17:36,华资软件,1001~3000人,广东,互联网|游戏|软件
Finance Intern,120-140元/天,3个月,Job Describe:,本科,1,2023-03-30 16:39,SABIC,3001人及以上,上海,能源|环保
HR实习生,120-140元/天,3个月,-协助HR开展各项人力资源工作；,本科,1,2023-03-30 15:05,SABIC,3001人及以上,上海,能源|环保
人事专员,5-10K/月,3个月,湖北纳杰人力资源有限公司面向广大应届毕业生、实习生诚聘招聘专员,大专,10,2023-03-31 08:48,湖北纳杰,3001人及以上,湖北,咨询/法律/人力资源
BO客服实习生,120-150元/天,6个月,1.技术服务部订单的处理（包括发货跟踪，订单整理，维修寄售库存处理等）；,本科,1,2023-03-30 11:48,费森尤斯医疗,1001~3000人,上海,生物|医药
仓库办公室实习生,100-150元/天,6个月,进出货物料的管控，仓库的日常管理,大专,1,2023-03-30 11:26,博世,301~1000人,山东,汽车|机械|制造
新媒体运营实习生,150-180元/天,3个月,岗位职责：,本科,1,2023-03-30 11:19,叽里呱啦,301~1000人,上海,互联网|游戏|软件
Logistics Intern / 物流实习生,100-150元/天,6个月,物流部门的相关沟通与支持工作,本科,1,2023-03-30 11:18,博世,301~1000人,山东,汽车|机械|制造
视频编辑实习生,140-160元/天,6个月,上市以来，凡科通过为企业用户 提供多元、高效、易用的互联网工具，已帮助了越来越多的企业有效降低了运营成本。随着凡科规模的进一步扩大，我们期待着更多新鲜血液的加入！,大专,1,2023-04-04 09:32,凡科,301~1000人,广东,互联网|游戏|软件
HR（人力资源）实习生,140-200元/天,3个月,【仅接受可到场实习生，坐标海淀区海淀桥】,本科,2,2023-04-04 10:32,创业大街,51~100人,北京,咨询/法律/人力资源
投资实习生（生物医药方向）,5-7K/月,3个月,1、协助部门撰写医药、医疗行业分析报告； ,硕士,2,2023-04-10 17:12,江西济民可信集团有限公司,3001人及以上,江西,生物|医药
设计助理实习生,140-160元/天,3个月,上市以来，凡科通过为企业用户提供多元、高效、易用的互联网工具，已帮助了越来越多的企业有效降低了运营成本。随着凡科规模的进一步扩大，我们期待着更多新鲜血液的加入！,大专,2,2023-04-04 09:32,凡科,301~1000人,广东,互联网|游戏|软件
HR实习生-招聘,150-200元/天,4个月,1、了解业务需求，通过各种招聘渠道寻访并识别匹配的人选。                                                                                            2、协助招聘，对接面试官和候选人，安排和接待面试并全程跟进面试流程,本科,2,2023-04-06 19:56,快手,3001人及以上,北京,互联网|游戏|软件
设计师实习生,180-200元/天,3个月,上市以来，凡科通过为企业用户提供多元、高效、易用的互联网工具，已帮助了越来越多的企业有效降低了运营成本。随着凡科规模的进一步扩大，我们期待着更多新鲜血液的加入！,大专,1,2023-04-07 09:32,凡科,301~1000人,广东,互联网|游戏|软件
研究咨询实习生,140-200元/天,3个月,1、辅助负责人，做前沿趋势研究。结合新经济、新政策、新趋势热点等，通过行业洞察发现新的商业机会，探索大企业第二增长需求；,本科,5,2023-04-04 10:32,创业大街,51~100人,北京,咨询/法律/人力资源
行业研究实习生,140-200元/天,3个月,1、先进制造、生物医药、快速消费品等相关细分领域的数字化及智能化研究，产业链赋能研究；,本科,10,2023-04-04 10:32,创业大街,51~100人,北京,咨询/法律/人力资源
市场调研实习生,100-150元/天,3个月,1. 参观各类贸易性展会 ,本科,1,2023-04-10 10:21,光亚法兰克福,11~50人,广东,广告|传媒|文化|体育
数据跟踪实习生,140-200元/天,3个月,1、承担企业、行业资料查找收集和政策跟踪工作，有筛选信息，提炼汇总能力。,本科,10,2023-04-04 10:33,创业大街,51~100人,北京,咨询/法律/人力资源
HR实习生（招聘方向）,150-200元/天,4个月,1、了解业务需求，通过各种招聘渠道寻访并识别匹配的人选。                                                                                            2、协助招聘，对接面试官和候选人，安排和接待面试并全程跟进面试流程,本科,2,2023-04-06 19:56,快手,3001人及以上,北京,互联网|游戏|软件
活动执行助理,140-200元/天,3个月,1、协助策划开展各类活动，并具体执行，细化工作流程，有序推进工作安排。,本科,2,2023-04-04 10:32,创业大街,51~100人,北京,咨询/法律/人力资源
法务实习生,40-80元/天,3个月,职位描述：,本科,2,2023-04-07 09:59,人民网,1001~3000人,北京,互联网|游戏|软件
电话回访实习生（无销售性质）,140-160元/天,3个月,上市以来，凡科通过为企业用户 提供多元、高效、易用的互联网工具，已帮助了越来越多的企业有效降低了运营成本。随着凡科规模的进一步扩大，我们期待着更多新鲜血液的加入！,大专,2,2023-04-07 09:32,凡科,301~1000人,广东,互联网|游戏|软件
展会邀约实习生,120-150元/天,3个月,1、负责联络行业机构及跨界协会，邀请其进行买家组团合作，招募专业观众团体；,大专,3,2023-04-10 14:08,光亚法兰克福,11~50人,广东,广告|传媒|文化|体育
行政专员-实习生,6-8元/天,6个月,1、负责公司前台接待和办公室5S管理,大专,1,2023-04-07 10:09,苏州灵猴机器人,301~1000人,广东,汽车|机械|制造
蔚来顾问助理（衢州）,100-150元/天,6个月,1.在展厅接待潜在用户，介绍车辆信息，解答疑问。,大专,1,2023-03-30 10:31,NIO蔚来,3001人及以上,上海,汽车|机械|制造
交付实习生,100-150元/天,6个月,1.负责交付现场秩序维护以及物料准备,大专,1,2023-03-30 10:31,NIO蔚来,3001人及以上,上海,汽车|机械|制造
蔚来顾问助理（衢州）,100-150元/天,6个月,1.在展厅接待潜在用户，介绍车辆信息，解答疑问。,大专,1,2023-03-30 10:31,NIO蔚来,3001人及以上,上海,汽车|机械|制造
人力资源实习生,150-180元/天,3个月,晶科科技（601778.SH）总部招聘人力资源实习生 2名,本科,2,2023-03-30 09:57,晶科科技,1001~3000人,上海,能源|环保
广东永旺超市门店短期/长期兼职,130-180元/天,长期,广东永旺超市门店短期/长期兼职,不限,50,2023-04-03 16:37,善世服务,101~300人,广东,咨询/法律/人力资源
人力资源管理实习生,120-150元/天,3个月,1. 协助完成培训及人才发展落地工作，如培训项目的物料准备、活动安排和相关图文制作等工作；,本科,1,2023-03-30 09:21,美的集团,3001人及以上,广东,汽车|机械|制造
展会地推,120-130元/天,2个月,前往健身工作室、健身房介绍展会基本信息，并邀约参会。,不限,2,2023-04-03 15:36,善世服务,101~300人,广东,咨询/法律/人力资源
会展实习生（中文）,2-3K/月,3个月,1.协助买家邀约工作、组团电话邀请，完成买家邀请目标;,本科,3,2023-04-03 15:22,善世服务,101~300人,广东,咨询/法律/人力资源
会展实习生（英语）,2-3K/月,3个月,1.买家电话邀约:负责家居礼品展海外买家电话、邮件的邀请;,本科,2,2023-04-03 15:16,善世服务,101~300人,广东,咨询/法律/人力资源
订单跟进助理实习生,150-200元/天,3个月,1、对接采购人员，确认订单预计交付日期，并反馈给销售人员；,本科,1,2023-03-29 15:56,美的集团,3001人及以上,广东,汽车|机械|制造
市场营销策划（短期实习）,120-150元/天,3个月,1、协助团队策划与组织各类研究项目、赛事项目；,本科,1,2023-03-29 15:15,东方财富,3001人及以上,上海,互联网|游戏|软件
市场运营实习生,80-120元/天,3个月,工作职责：,本科,20,2023-03-30 10:38,高顿教育集团,1001~3000人,上海,教育培训
文案策划实习生,80-120元/天,3个月,工作职责：,本科,20,2023-03-30 10:38,高顿教育集团,1001~3000人,上海,教育培训
用户增长运营实习生,80-120元/天,3个月,工作职责：,本科,20,2023-03-30 10:38,高顿教育集团,1001~3000人,上海,教育培训
战略客户总部实习生（市场营销方向）,120-150元/天,3个月,【工作内容】,本科,2,2023-03-29 11:13,云南信托,101~300人,上海,金融
总裁办实习（偏品牌）,130-150元/天,3个月,1、参与公司流程管理的跟进 ,大专,1,2023-03-29 11:12,微创神通,301~1000人,上海,生物|医药
人力资源实习生,150-180元/天,3个月,1、了解公司招聘流程制度，协助招聘团队进行简历的筛选、面试约访、人才档案管理与更新,本科,1,2023-03-29 10:45,晶科电力,1001~3000人,上海,能源|环保
广东永旺总部人力资源实习生,150-200元/天,3个月,岗位描述：,大专,1,2023-03-29 09:57,广东永旺,3001人及以上,广东,交通|物流|贸易
短视频编导实习生,100-120元/天,3个月,1、负责公司抖音、快手等短视频账号运营、选题策划、脚本创作、视频发布，并跟拍跟剪工作；,本科,2,2023-03-29 09:55,中南博集天卷,101~300人,北京,广告|传媒|文化|体育
控价实习生,100-120元/天,6个月,1、协助负责公司畅销书籍售价管控工作，能够基于不同书籍和不同渠道商情况，快速梳理复杂情况，完成售价管控工作；,本科,3,2023-03-29 09:55,中南博集天卷,101~300人,北京,广告|传媒|文化|体育
财务实习生,120-150元/天,5个月,"Ensure timely and accurate monthly close, reporting for the China entity to meet FP&A reporting timelines.",本科,1,2023-04-10 15:43,铁狮门,101~300人,上海,建筑|地产|家居
金融工程编辑实习生,100-200元/天,3个月,整理笔记、核对答案解析等。,硕士,100,2023-04-10 09:00,圣才电子书,101~300人,湖北,互联网|游戏|软件
内容审核实习生,100-120元/天,3个月,职位描述：,不限,15,2023-04-04 08:48,一览科技,101~300人,北京,互联网|游戏|软件
内容运营实习生,100-120元/天,3个月,岗位职责：,不限,15,2023-04-04 08:46,一览科技,101~300人,北京,互联网|游戏|软件
金融学编辑实习生,100-200元/天,3个月,与金融学专业考研考证相关的笔记整理、核对答案解析等。,硕士,100,2023-04-10 09:00,圣才电子书,101~300人,湖北,互联网|游戏|软件
统计学编辑实习生,100-200元/天,3个月,与统计学专业考研考证相关的笔记整理、核对答案解析等。,硕士,100,2023-04-10 09:00,圣才电子书,101~300人,湖北,互联网|游戏|软件
风险管理岗,100-105元/天,3个月,1、协助投资组合风险管理工作，对投资组合的市场风险、流动性风险、信用风险等进行识别、评估和监控；,硕士,1,2023-03-28 17:54,东海基金,51~100人,上海,金融
国际商务实习生,100-110元/天,长期,1、协助部门进行签证类相关事务；,大专,1,2023-03-29 13:39,Fesco广东,301~1000人,广东,咨询/法律/人力资源
短视频编导实习生,100-150元/天,6个月,【请务必附上视频作品链接，在线链接优于网盘，方便审阅】,本科,1,2023-03-28 16:53,领英中国,101~300人,北京,互联网|游戏|软件
新媒体运营实习生,2-4K/月,3个月,1、拥有200万粉丝的职场第一大号LinkedIn的选题策划、文章排版、头条文章撰写或编译。,本科,1,2023-03-28 16:52,领英中国,101~300人,北京,互联网|游戏|软件
美术实习生（Art Intern）,99-100元/天,3个月,在部门负责人的领导下，与团队协调配合，并参与创意及设计工作； ,本科,1,2023-03-28 14:02,dentsu,1001~3000人,北京,广告|传媒|文化|体育
美术实习生（Art Intern）,面议,3个月,在部门负责人的领导下，与团队协调配合，并参与创意及设计工作； ,本科,1,2023-03-28 13:57,dentsu,1001~3000人,北京,广告|传媒|文化|体育
"Omni-channel Intern, Sales",100-120元/天,6个月,Primary Duties,本科,2,2023-03-28 10:15,柯锐世,1001~3000人,上海,汽车|机械|制造
招聘实习生,120-150元/天,2个月,1.根据不同职位需求，协助开发和拓展有效的招聘渠道，多角度多渠道寻找候选人，协助进行面试流程；,本科,2,2023-04-10 10:03,仲望咨询,101~300人,上海,咨询/法律/人力资源
猎头管培生,120-150元/天,3个月,协助顾问调查并研究相关行业、市场和客户信息，并学习相关行业知识；,本科,2,2023-04-10 10:03,仲望咨询,101~300人,上海,咨询/法律/人力资源
销售管理,8-16K/月,长期,1. 负责公司产品的销售及推广； ,大专,10,2023-04-10 13:39,北京麦田,3001人及以上,北京,建筑|地产|家居
销售实习生,120-150元/天,3个月,1、了解教育+X行业的市场动态，可协助团队制定客户市场策略及销售计划,本科,3,2023-03-27 21:05,51WORLD,301~1000人,北京,互联网|游戏|软件
TB实习生（上海）,120-200元/天,4个月,1、配合销售做销售拓展，挖掘客户需求,本科,5,2023-03-27 21:04,51WORLD,301~1000人,北京,互联网|游戏|软件
市场营销实习生,2-3K/月,6个月,1、根据年度计划协调组织事业部参加行业展会；,本科,1,2023-03-27 17:37,中海达,1001~3000人,广东,IT|通信|电子
Customer Screening Intern,150-180元/天,6个月,在这个职位，你有机会,本科,1,2023-03-27 16:38,飞利浦,3001人及以上,上海,生物|医药
GBS HS OA Intern,150-180元/天,6个月,岗位职责：,本科,1,2023-03-27 16:32,飞利浦,3001人及以上,上海,生物|医药
上市公司 · 猎头实习生（成都）线下,100-200元/天,3个月,1、协助专业顾问分析客户的职位需求，明确目标公司的用人需求和候选人的职业发展诉求；,本科,10,2023-03-27 16:17,科锐国际,3001人及以上,北京,咨询/法律/人力资源
上市公司 · 猎头实习生（南京）线下,100-200元/天,3个月,1、协助专业顾问分析客户的职位需求，明确目标公司的用人需求和候选人的职业发展诉求；,本科,10,2023-03-27 16:16,科锐国际,3001人及以上,北京,咨询/法律/人力资源
上市公司 · 猎头实习生（可线上）,100-200元/天,3个月,1、协助专业顾问分析客户的职位需求，明确目标公司的用人需求和候选人的职业发展诉求；,本科,10,2023-03-27 15:43,科锐国际,3001人及以上,北京,咨询/法律/人力资源
上市公司校园大使,面议,3个月,职位描述：,不限,50,2023-03-27 11:23,科锐国际,3001人及以上,北京,咨询/法律/人力资源
世界500强 核保部实习生,100-150元/天,6个月,核保与产品部实习生,本科,1,2023-04-10 13:16,安世联合,1001~3000人,北京,金融
【北京】官网运营实习生,120-160元/天,3个月,1. 使用Adobe系统对网站内容进行基础运维；,不限,2,2023-04-06 13:51,杰尔广告,1001~3000人,北京,广告|传媒|文化|体育
罗德与施瓦茨公司6G无线通信研究员实习生招聘,4-6K/月,6个月,罗德与施瓦茨公司6G无线通信研究员实习生招聘,硕士,1,2023-04-04 17:30,中智职业发展有限公司,301~1000人,北京,咨询/法律/人力资源
设计实习生,120-160元/天,3个月,-Art相关工作，参与创意发想,本科,1,2023-04-10 09:35,杰尔广告,1001~3000人,北京,广告|传媒|文化|体育
实习生-销售团队,100-150元/天,3个月,上海分公司职位,本科,1,2023-04-10 10:32,安世联合,1001~3000人,北京,金融
中盈保险资料审核实习生（可提供转正机会）,140-150元/天,2个月,中盈简介,大专,2,2023-04-07 16:30,中智职业发展有限公司,301~1000人,北京,咨询/法律/人力资源
投资实习生,90-120元/天,3个月,1. 协助投资经理开展市场及行业研究，参与及独立负责行业信息梳理，市场数据整理，专家访谈和行业报告撰写等工作；,本科,1,2023-04-10 17:18,华侨银行股权投资部门,11~50人,上海,金融
软件测试实习生,120-180元/天,6个月,1.负责bip产品的接口工作、产品业务测试。,本科,1,2023-04-07 14:49,用友网络,3001人及以上,北京,互联网|游戏|软件
罗德与施瓦茨公司通信人工智能研究员实习生招聘,4-6K/月,6个月,罗德与施瓦茨公司通信人工智能研究员实习生招聘,硕士,1,2023-04-04 17:30,中智职业发展有限公司,301~1000人,北京,咨询/法律/人力资源
投资实习生,90-120元/天,3个月,1. 协助投资经理开展市场及行业研究，参与及独立负责行业信息梳理，市场数据整理，专家访谈和行业报告撰写等工作；,本科,1,2023-04-10 17:18,华侨银行股权投资部门,11~50人,上海,金融
软件测试实习生,120-180元/天,6个月,1.负责bip产品的接口工作、产品业务测试。,本科,1,2023-04-07 14:49,用友网络,3001人及以上,北京,互联网|游戏|软件
保险运营实习生,100-150元/天,6个月,"•   Assist to handle policy admin including issue policy, policy cancellation",本科,4,2023-04-03 11:19,安世联合,1001~3000人,北京,金融
HR Intern,100-150元/天,6个月,世界500强外企- 人力资源部实习生,本科,1,2023-04-03 11:19,安世联合,1001~3000人,北京,金融
新媒体运营实习生,120-180元/天,3个月,1、新媒体平台日常管理和运营，完成内容策划及传播，完善新媒体矩阵； ,本科,1,2023-03-25 12:55,用友股份,3001人及以上,北京,IT|通信|电子
设计实习生,120-180元/天,3个月,1、结合产品宣传设计各类海报、PPT、短视频等；,本科,1,2023-03-25 12:55,用友股份,3001人及以上,北京,IT|通信|电子
广州顺丰校园大使,面议,长期,1、社群运营：主导本校内应届生顺丰社群的组建与运营，维持群内的活跃度；,本科,15,2023-03-25 10:25,广州顺丰,3001人及以上,广东,交通|物流|贸易
人力资源实习生,2-4K/月,3个月,1.拓展招聘渠道，发布职位，更新招聘信息； ,本科,1,2023-03-29 16:06,金蝶账无忧,101~300人,广东,互联网|游戏|软件
监理实习生-青岛,58-115元/天,6个月,1、负责现场监理或项目管理工作；,大专,10,2023-04-06 16:00,同济咨询,301~1000人,上海,咨询/法律/人力资源
项目实习生（深圳）,3-6K/月,3个月,1.协助公司项目的信息收集&投标准备； ,本科,2,2023-04-10 17:47,刺猬 CIWEI,51~100人,广东,互联网|游戏|软件
广告运营实习生,150-200元/天,3个月,职责描述：,本科,1,2023-04-07 11:22,手回集团,301~1000人,广东,互联网|游戏|软件
年报审计实习生（地点贵州）,100-120元/天,2个月,1.工作内容：年报审计；,本科,3,2023-04-10 09:56,国富所,301~1000人,北京,咨询/法律/人力资源
内勤实习生,100-150元/天,3个月,职责描述：,本科,1,2023-04-07 11:28,手回集团,301~1000人,广东,互联网|游戏|软件
拍摄剪辑实习生,130-150元/天,2个月,1.根据要求独立完成抖音视频拍摄、制作、剪辑、特效等。,大专,5,2023-04-04 15:18,凯儿得乐,101~300人,广东,快速消费品
新媒体运营（实习）,3-4K/月,3个月,1.进行内容创作和编辑，根据新媒体矩阵定位发布及运营相关内容；定期进行渠道研究和用户分析；,本科,4,2023-04-06 10:43,刺猬 CIWEI,51~100人,广东,互联网|游戏|软件
小红书运营实习生,3-4K/月,3个月,1、负责小红书内容运营，制作具有传播力的短视频和图文内容，按时发布、更新及回复互动； ,本科,2,2023-04-06 10:43,刺猬 CIWEI,51~100人,广东,互联网|游戏|软件
人力实习生【人力行政中心】,120-200元/天,3个月,1、筛选简历，安排面试以及面试接待；,本科,1,2023-04-10 11:25,兔展,301~1000人,广东,互联网|游戏|软件
售后助理实习（需出外勤）,150-200元/天,3个月,话费补贴300元/月（实报实销），本科150元/天，硕士学历200元/天,本科,1,2023-03-29 13:23,上海中智,3001人及以上,上海,咨询/法律/人力资源
项目执行合伙人（内勤执行实习生）,112-114元/天,长期,1.合理安排校园招聘项目前期宣传任务并进行监控及跟进处理；；,本科,6,2023-03-29 11:47,前程无忧,1001~3000人,广东,互联网|游戏|软件
人力资源实习生,100-150元/天,3个月,1. 负责IT行业相关职位的招聘,本科,5,2023-03-29 11:47,万宝盛华,101~300人,广东,互联网|游戏|软件
项目执行合伙人（外勤执行实习生）,112-114元/天,长期,1.负责校园招聘项目在校园内的推广工作跟进，包括但不限于线下物料宣传、网络推广等的校园大使执行情况跟进；,本科,6,2023-03-29 11:43,前程无忧,1001~3000人,广东,互联网|游戏|软件
市场渠道合伙人（新媒体实习生）,112-114元/天,长期,1.学生端团队管理：团队人员招募、培训运营维护、高校kol新媒体渠道的开发，例如小红书、抖音、视频号等；,本科,6,2023-03-29 11:38,前程无忧,1001~3000人,广东,互联网|游戏|软件
校园渠道合伙人（非标合伙人）,112-114元/天,长期,1.日常校园渠道任务的领取与执行；,本科,6,2023-03-29 11:33,前程无忧,1001~3000人,广东,互联网|游戏|软件
订单实习生（上海杨浦）,250-300元/天,6个月,1、根据SOP要求处理合同订单,本科,1,2023-03-29 09:59,上海中智,3001人及以上,上海,咨询/法律/人力资源
校园执行合伙人（校园大使）,112-114元/天,1个月,1.日常宣传任务的领取与执行；,本科,6,2023-03-29 09:47,前程无忧,1001~3000人,广东,互联网|游戏|软件
会务助理,180-200元/天,2个月,协助完成展前及展期商务板块的各项工作，包括志愿者管理、餐饮、交通、大会出入口管理等。,大专,2,2023-03-31 16:49,深圳时尚家居设计周,101~300人,广东,广告|传媒|文化|体育
广州粤语资源工程师助理,180-220元/天,3个月,1. 协助工程师开展人工智能语音合成研发工作，提供语音、语法、语义规则总结与优化；,本科,2,2023-03-24 16:29,上海科大讯飞,301~1000人,上海,互联网|游戏|软件
薪资实习生（天津）,100-150元/天,3个月,协助处理员工每月薪资核算；完成上级交办的其他工作。 ,本科,20,2023-03-24 13:36,科锐国际,3001人及以上,北京,咨询/法律/人力资源
销售实习生,150-180元/天,6个月,零基础实习一对一导师暑期实习可转正实习,大专,50,2023-03-31 07:59,科锐国际,3001人及以上,上海,咨询/法律/人力资源
项目管培生,8-11K/月,1个月,优胜者将与 FESCO Adecco 总经理或各地公司、子品牌总经理共事一个月，参与到公司的管理决策，积累一段非凡的职场经验。,不限,2,2023-04-06 18:28,FAFULI,101~300人,上海,咨询/法律/人力资源
电话销售,8-12K/月,6个月,1. 通过电话与客户进行有效沟通，了解客户需求，寻找销售机会并完成业绩；,本科,5,2023-04-06 15:32,链家,3001人及以上,北京,建筑|地产|家居
Lianjia.链家】实习生/应届生/底薪6000+提成,8-12K/月,6个月,1.负责客户接待、咨询工作，为客户提供专业的房地产职业咨询服务；,本科,5,2023-04-06 15:32,链家,3001人及以上,北京,建筑|地产|家居
【链家】置业顾问/师徒制 底薪6000+高提成,8-12K/月,6个月,1.负责客户接待、咨询工作，为客户提供专业的房地产职业咨询服务；,本科,5,2023-04-06 15:31,链家,3001人及以上,北京,建筑|地产|家居
销售,8-12K/月,长期,1、负责维护各个线上渠道的房源，保证信息准确、真实；,本科,5,2023-04-06 15:31,链家,3001人及以上,北京,建筑|地产|家居
【火爆职位】链家总部——线上销售,8-12K/月,6个月,岗位职责：,本科,5,2023-04-06 15:32,链家,3001人及以上,北京,建筑|地产|家居
财务实习生,150-160元/天,3个月,1.支持公司结算系统的日常操作与管理; ,本科,2,2023-04-06 18:52,科锐国际,1001~3000人,四川,咨询/法律/人力资源
线上销售,8-12K/月,长期,1、负责维护各个线上渠道的房源，保证信息准确、真实；,本科,10,2023-04-07 14:34,链家,3001人及以上,北京,建筑|地产|家居
财务实习生,150-160元/天,3个月,1.支持公司结算系统的日常操作与管理; ,本科,2,2023-04-06 18:52,科锐国际,1001~3000人,四川,咨询/法律/人力资源
财务实习生,100-150元/天,3个月,1、 了解财务的相关工作内容，协调处理好银行、税务等各部门的工作关系；,大专,2,2023-04-07 06:36,润普网络,101~300人,广东,互联网|游戏|软件
猎头顾问实习生,100-200元/天,3个月,"1、 协助专业顾问分析客户的职位需求,明确目标公司的用人需求和候选人的职业发展诉求;",本科,3,2023-04-07 08:41,科锐国际,1001~3000人,四川,互联网|游戏|软件
招聘助理实习生,100-200元/天,2个月,"1、 协助专业顾问分析客户的职位需求,明确目标公司的用人需求和候选人的职业发展诉求;",本科,3,2023-04-10 14:11,科锐国际,1001~3000人,四川,互联网|游戏|软件
猎头实习生,150-200元/天,3个月,1.根据客户所在行业，客户需求以及目标职位的分析，拟定一套完善的用人寻访目标公司和候选人寻访方案,本科,5,2023-04-10 14:30,英特利普,51~100人,广东,IT|通信|电子
投资实习生,100-110元/天,3个月,1、协助团队进行物流、供应链等相关行业的信息搜寻、整理；,本科,3,2023-04-10 16:27,远海物流基金,10人以内,上海,金融
线上销售,8-12K/月,长期,1、负责维护各个线上渠道的房源，保证信息准确、真实；,本科,10,2023-04-08 10:26,链家,3001人及以上,北京,建筑|地产|家居
前台行政实习生,100-150元/天,3个月,1.负责公司前台接待访客，并及时准确通知被访人员；,大专,1,2023-04-09 06:42,润普网络,101~300人,广东,互联网|游戏|软件
CEO助理,120-150元/天,3个月,1.CEO日常行程的协调、安排； ,本科,1,2023-04-07 17:28,智领国际,11~50人,广东,咨询/法律/人力资源
会计实习生（工资:2-4k）（双休、包餐、不用外勤）,2-4K/月,长期,【工作内容】,大专,30,2023-04-06 10:57,顶呱呱集团,3001人及以上,广东,咨询/法律/人力资源
人事实习生,150-151元/天,3个月,1.负责新员工入离职流程手续办理；,本科,1,2023-04-04 11:52,科翼传播,101~300人,上海,广告|传媒|文化|体育
研究员,60-120元/天,3个月,行业研究/数据研究/量化研究/基金研究,本科,3,2023-04-10 15:23,锆石私募,10人以内,浙江,金融
猎头顾问实习生,100-200元/天,3个月,1、根据目标职位做分析，制定目标候选人寻访方案；,本科,20,2023-04-10 09:53,科锐国际,1001~3000人,四川,互联网|游戏|软件
前台行政实习生,100-150元/天,3个月,1.负责公司前台接待访客，并及时准确通知被访人员；,大专,1,2023-04-09 06:42,润普网络,101~300人,广东,互联网|游戏|软件
CEO助理,120-150元/天,3个月,1.CEO日常行程的协调、安排； ,本科,1,2023-04-07 17:28,智领国际,11~50人,广东,咨询/法律/人力资源
项目管培生,8-11K/月,1个月,优胜者将与 FESCO Adecco 总经理或各地公司、子品牌总经理共事一个月，参与到公司的管理决策，积累一段非凡的职场经验。,不限,2,2023-04-06 18:28,FAFULI,101~300人,上海,咨询/法律/人力资源
线上销售,8-12K/月,长期,1、负责维护各个线上渠道的房源，保证信息准确、真实；,本科,10,2023-04-07 14:34,链家,3001人及以上,北京,建筑|地产|家居
市场营销,8-12K/月,长期,1.负责客户接待、咨询工作，为客户提供专业的房地产职业咨询服务；,本科,5,2023-04-06 15:31,链家,3001人及以上,北京,建筑|地产|家居
销售,8-12K/月,长期,1.负责线上Online渠道链家网的房产信息维护推广，打造个人的专业品牌,本科,5,2023-04-08 10:26,链家,3001人及以上,北京,建筑|地产|家居
链家集团】诚聘销售精英-应届毕业生/实习生,8-12K/月,长期,1.负责客户接待、咨询工作，为客户提供专业的房地产职业咨询服务；,本科,5,2023-04-06 15:31,链家,3001人及以上,北京,建筑|地产|家居
商务支持,8-12K/月,长期,1.负责客户接待、咨询工作，为客户提供专业的房地产职业咨询服务；,本科,5,2023-04-06 15:32,链家,3001人及以上,北京,建筑|地产|家居
Lianjia.链家】实习生/应届生/底薪6000+提成,8-12K/月,长期,1、负责维护各个线上渠道的房源，保证信息准确、真实；,本科,5,2023-04-06 15:31,链家,3001人及以上,北京,建筑|地产|家居
猎头实习生,100-200元/天,3个月,1、协助专业顾问分析客户的职位需求，明确目标公司的用人需求和候选人的职业发展诉求；,本科,30,2023-04-10 10:24,科锐国际,1001~3000人,陕西,咨询/法律/人力资源
HR实习生,100-200元/天,3个月,1、负责公司业务团队维护、拓展公司招聘渠道，更新招聘信息；,本科,30,2023-04-10 10:24,科锐国际,1001~3000人,陕西,咨询/法律/人力资源
猎头顾问实习生,100-200元/天,3个月,1、协助专业顾问分析客户的职位需求，明确目标公司的用人需求和候选人的职业发展诉求；,本科,30,2023-04-10 09:53,科锐国际,1001~3000人,四川,互联网|游戏|软件
猎头顾问实习生,100-200元/天,2个月,"1、 协助专业顾问分析客户的职位需求,明确目标公司的用人需求和候选人的职业发展诉求;",本科,3,2023-04-10 14:12,科锐国际,1001~3000人,四川,互联网|游戏|软件
微信编辑,2-4K/月,6个月,1.负责微信头部科技大号的文章撰写；,大专,2,2023-04-04 15:44,锋潮网络,11~50人,广东,互联网|游戏|软件
实习媒介执行,90-120元/天,5个月,建立广告排期；定期更新、完善媒介信息库；负责项目执行及进度维稳,大专,2,2023-04-04 15:44,锋潮网络,11~50人,广东,互联网|游戏|软件
人事实习生,100-150元/天,3个月,1. 结合公司的战略发展需求，制定人力资源发展规划，合理调配公司的人力资源；,大专,2,2023-04-08 07:10,润普网络,101~300人,广东,互联网|游戏|软件
人力资源实习生,100-200元/天,3个月,"1、 协助专业顾问分析客户的职位需求,明确目标公司的用人需求和候选人的职业发展诉求;",本科,3,2023-04-10 16:35,科锐国际,1001~3000人,四川,互联网|游戏|软件
出口清关专员,150-200元/天,3个月,工作职责：,本科,5,2023-04-10 16:42,虹科电子,51~100人,广东,IT|通信|电子
产品工程师实习生,150-200元/天,3个月,1. 负责国内外产品市场行情的调研和分析，根据分析结果开发针对性的新产品及现有产品优化；,本科,5,2023-04-10 16:45,虹科电子,51~100人,广东,IT|通信|电子
人力资源实习生,100-200元/天,3个月,"1、 协助专业顾问分析客户的职位需求,明确目标公司的用人需求和候选人的职业发展诉求;",本科,3,2023-04-10 16:35,科锐国际,1001~3000人,四川,互联网|游戏|软件
猎头招聘助理实习生,120-150元/天,3个月,1、协助猎头顾问，通过各种专业的方式进行人选搜寻；,本科,3,2023-04-07 17:28,智领国际,11~50人,广东,咨询/法律/人力资源
产品工程师实习生,150-200元/天,3个月,1. 负责国内外产品市场行情的调研和分析，根据分析结果开发针对性的新产品及现有产品优化；,本科,5,2023-04-10 16:45,虹科电子,51~100人,广东,IT|通信|电子
财务实习生,80-150元/天,3个月,地产行业TOP10，上市公司，财务实习岗位。,本科,2,2023-04-06 18:52,科锐国际,1001~3000人,四川,咨询/法律/人力资源
行政实习生,80-160元/天,3个月,1、来访客户接待及会议服务；,本科,2,2023-04-03 18:09,赛迪软测,101~300人,北京,互联网|游戏|软件
股权投行承做实习生,100-120元/天,2个月,1、协助项目组人员负责股权类业务的项目承做，参与项目的尽职调查、方案设计、工作底稿及申报材料制作、项目报批、项目发行等全过程运作；,硕士,2,2023-03-24 11:03,天风证券,301~1000人,湖北,金融
人力实习生,80-160元/天,3个月,1.协助处理公司人力资源相关文件、档案收录整理；,本科,2,2023-04-03 17:31,赛迪软测,101~300人,北京,互联网|游戏|软件
公关实习生,80-81元/天,3个月,1.在大快消的背景下，轮岗不同的客户，感受外企和国企背景客户的各种需求，专业公关人应该提供何种策略应对需求。,本科,2,2023-04-03 11:17,环智传媒,51~100人,广东,广告|传媒|文化|体育
人力实习生-员工关系方向,150-250元/天,长期,工作内容,本科,2,2023-03-28 11:05,万宝盛华,101~300人,广东,互联网|游戏|软件
项目监管实习生,140-160元/天,6个月,上市以来，凡科通过为企业用户提供多元、高效、易用的互联网工具，已帮助了越来越多的企业有效降低了运营成本。随着凡科规模的进一步扩大，我们期待着更多新鲜血液的加入！,大专,2,2023-03-28 10:25,凡科,301~1000人,广东,互联网|游戏|软件
视频剪辑实习生,100-150元/天,3个月,1、负责课程视频的错误点剪辑、配字幕（无逐字稿）；,本科,1,2023-03-27 11:35,信公咨询,101~300人,上海,咨询/法律/人力资源
湖南广播电视台茶频道 -直播运营实习生,面议,3个月,岗位职责：,本科,1,2023-03-27 10:19,快乐垂钓频道,101~300人,湖南,广告|传媒|文化|体育
质量实习生,120-130元/天,4个月,岗位职责：,本科,3,2023-03-27 09:27,法雷奥佛山冷却,301~1000人,广东,汽车|机械|制造
招聘实习生,100-120元/天,3个月,1、负责招聘计划的实施，维护招聘渠道，与业务部门协调；,本科,20,2023-03-23 19:20,聚鑫通,301~1000人,辽宁,咨询/法律/人力资源
算法实习生,150-250元/天,4个月,自动驾驶算法对接相关工作,本科,2,2023-03-23 16:55,51WORLD,301~1000人,北京,互联网|游戏|软件
web开发工程师,150-200元/天,4个月,1. 车辆自动驾驶仿真平台Web端功能设计、开发和实现,本科,2,2023-03-23 16:49,51WORLD,301~1000人,北京,互联网|游戏|软件
日语合同管理实习生,150-180元/天,6个月,在这个岗位上，您将有机会,本科,1,2023-03-23 16:33,飞利浦,3001人及以上,上海,生物|医药
TB实习生（杭州）,120-200元/天,4个月,1、配合销售做销售拓展，挖掘客户需求,本科,5,2023-03-23 16:32,51WORLD,301~1000人,北京,互联网|游戏|软件
TB实习生(苏州),120-200元/天,4个月,1、配合销售做销售拓展，挖掘客户需求,本科,2,2023-03-23 16:30,51WORLD,301~1000人,北京,互联网|游戏|软件
TB实习生(武汉),120-200元/天,4个月,1、配合销售做销售拓展，挖掘客户需求,本科,2,2023-03-23 16:25,51WORLD,301~1000人,北京,互联网|游戏|软件
TB实习生(深圳),120-200元/天,6个月,1、配合销售做销售拓展，挖掘客户需求,本科,2,2023-03-23 16:18,51WORLD,301~1000人,北京,互联网|游戏|软件
财务实习,2-4K/月,3个月,2023、2024应届毕业生，本科以上财务、会计类专业。,本科,1,2023-03-23 14:26,英可瑞,301~1000人,广东,IT|通信|电子
人力资源岗,3-4K/月,3个月,1、执行日常招聘工作，包括简历筛选、面试安排等,本科,1,2023-03-23 14:10,安全研究院,301~1000人,广东,政府/非盈利机构/其他
招聘实习生 （线上）,100-150元/天,3个月,1、利用各种招聘渠道发布招聘广告，寻求符合公司标准业务发展人才,本科,20,2023-03-23 14:06,科锐国际,3001人及以上,北京,咨询/法律/人力资源
平面设计实习生（北京）,100-150元/天,3个月,1. 协助市场、运营、培训等团队进行各类海报设计；,本科,20,2023-03-23 14:01,科锐国际,3001人及以上,北京,咨询/法律/人力资源
社保实习生（北京）,100-150元/天,3个月,1、整理城市社保公积金政策；,本科,20,2023-03-23 14:00,科锐国际,3001人及以上,北京,咨询/法律/人力资源
报销实习生（北京）,100-150元/天,3个月,1、协助组内人员完成数据录入；,本科,20,2023-03-23 13:56,科锐国际,3001人及以上,北京,咨询/法律/人力资源
人力资源品牌实习生,120-150元/天,长期,"*Support Employer Branding project execution, e.g, internal process follow up, branding innovation implementation",本科,1,2023-03-23 12:42,费森尤斯医疗,1001~3000人,上海,生物|医药
Brand & Market Management,150-200元/天,3个月,"We are looking for an enthusiastic intern to join the marketing team to help achieve our goals. The intern is responsible for supporting 3 key areas of work: marketing expense reimbursement, data processing and business intelligence, and event organization.",本科,1,2023-03-23 11:09,美的集团,3001人及以上,广东,汽车|机械|制造
项目经理助理实习生,70-100元/天,6个月,1、负责项目的行政管理、员工报销、员工工时、考勤、员工宿舍、快件及传真的收发等部门行政相关工作；,本科,1,2023-03-23 10:18,亚信科技,3001人及以上,北京,IT|通信|电子
互联网产品实习生,70-100元/天,6个月,1、参与项目前期的需求调研、分析归类、攒写需求文档PRD，完成产品原型设计；,本科,2,2023-03-23 10:17,亚信科技,3001人及以上,北京,IT|通信|电子
行政专员/助理,2-3K/月,6个月,1、负责项目的行政管理、员工报销、员工工时、考勤、员工宿舍、快件及传真的收发等部门行政相关工作；,本科,1,2023-03-23 10:17,亚信科技,3001人及以上,北京,IT|通信|电子
人事实习生,120-140元/天,3个月,1、发布招聘信息并维护，通过各种渠道筛选候选人简历；,本科,2,2023-03-27 15:20,万宝盛华,101~300人,广东,互联网|游戏|软件
市场部实习生,130-150元/天,2个月,1.负责有关展会宣传的素材准备，包括图片制作、短视频剪辑等,本科,1,2023-03-27 15:17,光亚法兰克福,11~50人,广东,广告|传媒|文化|体育
仓库货物整理兼职,120-130元/天,4个月,工作内容：整理仓库货物，货物打包和发货（非大件货）。,不限,1,2023-03-27 10:04,善世服务,101~300人,广东,咨询/法律/人力资源
剪辑实习生,120-150元/天,3个月,1、使用Adobe Premiere/Final Cut Pro进行后期编辑,本科,1,2023-03-28 19:43,虎嗅网,101~300人,北京,广告|传媒|文化|体育
销售助理,4-7K/月,长期,1.通过电话、微信或者其他沟通方式与客户建立联系，为其提供专业的选择和建议；,本科,20,2023-03-23 14:48,学旅家,101~300人,上海,互联网|游戏|软件
医学内容运营实习生,150-200元/天,3个月,【职位介绍】,硕士,1,2023-03-22 13:51,阿斯利康,3001人及以上,上海,生物|医药
市场实习生,3-5K/月,6个月,岗位内容：,大专,2,2023-03-23 09:16,深圳宝创,1001~3000人,广东,汽车|机械|制造
财务实习生,3-5K/月,6个月,岗位职责:,大专,2,2023-03-23 09:13,深圳宝创,1001~3000人,广东,汽车|机械|制造
工业智能算法工程师（实习生）,300-450元/天,3个月,产品方向：,硕士,4,2023-03-22 11:23,信润富联,101~300人,广东,互联网|游戏|软件
工业智能硬件产品助理（实习生）,300-450元/天,3个月,产品方向：,本科,2,2023-03-22 11:23,信润富联,101~300人,广东,互联网|游戏|软件
合同助理,150-180元/天,2个月,工作职责：,大专,1,2023-03-22 10:37,E+H,301~1000人,上海,汽车|机械|制造
薪酬福利实习生,120-144元/天,3个月,协助各类员工福利项目的活动材料设计和执行，包括弹性福利、认可激励、储蓄计划,本科,1,2023-03-22 10:16,费森尤斯医疗,1001~3000人,上海,生物|医药
用户运营实习生（to a）,150-200元/天,3个月,你将参与以下工作：,本科,1,2023-03-31 18:39,手回集团,301~1000人,广东,互联网|游戏|软件
设计实习生,150-200元/天,3个月,职责描述：,本科,1,2023-03-31 18:37,手回集团,301~1000人,广东,互联网|游戏|软件
医学部实习生,100-150元/天,3个月,1) 制作内容方面ppt ,本科,1,2023-03-21 17:15,益普生,3001人及以上,北京,生物|医药
医学部实习生,100-150元/天,3个月,1) 制作内容方面ppt ,本科,1,2023-03-21 17:15,益普生,3001人及以上,北京,生物|医药
企业文化内容运营,200-220元/天,3个月,1. 理解业务及文化，运用媒体内容传播手段，以文章、长图、视频等用户喜闻乐见的内容形式，面向员工传递公司文化。,本科,1,2023-03-21 16:25,美团,1001~3000人,北京,互联网|游戏|软件
企业文化数据运营,200-220元/天,3个月,1. 支持员工沟通渠道、员工沟通项目数据整理、分析，洞察用户行为，发现问题，提出改进建议。,本科,1,2023-03-21 16:25,美团,1001~3000人,北京,互联网|游戏|软件
短视频运营编导实习生,120-150元/天,3个月,1、制作适合小红书、抖音等社交平台的脚本和拍摄大纲,本科,1,2023-03-21 14:57,爱点击,1001~3000人,上海,互联网|游戏|软件
Tiktok主播助理 需晚班,250-300元/天,3个月,1、以直播的方式向观众展示公司商品，并实时向顾客解答和提问，引导观众关注店铺及进行成交；,本科,10,2023-03-21 14:45,学而思培优,3001人及以上,北京,教育培训
金融实习生,4-6K/月,长期,1、负责公司财经新闻更新，早盘点评，收盘点评等内容推送；,本科,17,2023-03-22 11:19,经传多赢,1001~3000人,广东,金融
剪辑实习生,100-200元/天,3个月,岗位职责：,本科,1,2023-03-21 14:09,百姓网,301~1000人,上海,互联网|游戏|软件
线上实习生,100-200元/天,3个月,、利用各种招聘渠道发布招聘广告，寻求符合公司标准业务发展人才,本科,40,2023-03-28 10:17,科锐国际,3001人及以上,上海,咨询/法律/人力资源
线上实习生,100-200元/天,3个月,1.负责提供全年活动策划与规划，组织学生开展各类活动、比赛、宣传，扩大在目标高校的雇主品牌影响力。,本科,40,2023-03-28 10:11,科锐国际,3001人及以上,上海,咨询/法律/人力资源
法务实习生,100-120元/天,6个月,负责部门文书类行政类工作，以及合同校对打印盖章、案例编写等。,本科,1,2023-03-22 09:06,Fesco广东,301~1000人,广东,咨询/法律/人力资源
视频剪辑实习生,150-250元/天,4个月,工作职责：,本科,1,2023-03-21 10:37,百姓网,301~1000人,上海,互联网|游戏|软件
市场部实习生,120-150元/天,2个月,职位描述：,本科,2,2023-03-27 10:28,虎嗅网,101~300人,北京,广告|传媒|文化|体育
市场实习生,150-200元/天,3个月,职责描述：,大专,1,2023-03-30 14:41,手回集团,301~1000人,广东,互联网|游戏|软件
用户运营实习生（to c）,150-200元/天,3个月,职责描述：,本科,1,2023-03-30 14:36,手回集团,301~1000人,广东,互联网|游戏|软件
招聘助理实习生,100-200元/天,3个月,"1、 协助专业顾问分析客户的职位需求,明确目标公司的用人需求和候选人的职业发展诉求;",本科,3,2023-03-31 11:10,科锐国际,1001~3000人,四川,互联网|游戏|软件
商务运营实习生,150-200元/天,3个月,职责描述：,本科,1,2023-03-30 14:34,手回集团,301~1000人,广东,互联网|游戏|软件
平面设计实习生 Design Intern,100-150元/天,3个月,"1. Assist in the basic design work of the company's social medias, such as photo processing, copywriting, composing and poster design.",本科,1,2023-04-06 08:51,德利康,11~50人,广东,生物|医药
德语翻译实习生,100-150元/天,3个月,1. Assist the team to do the company documents translation.,本科,1,2023-04-06 08:51,德利康,11~50人,广东,生物|医药
新媒体运营实习生,100-150元/天,3个月,"1. Assist in the basic design work of the company's social medias, such as photo processing, copywriting and poster design.",本科,1,2023-04-06 08:51,德利康,11~50人,广东,生物|医药
总经办实习生,120-130元/天,2个月,工作内容：,本科,1,2023-04-10 14:59,B.Duck 小黄鸭,301~1000人,广东,快速消费品
法务实习生,120-130元/天,3个月,岗位职责：,本科,2,2023-04-10 15:07,B.Duck 小黄鸭,301~1000人,广东,快速消费品
硬核读书会公众号实习生,1-2K/月,4个月,1. 硬核读书会公众号的内容编辑、策划、组稿、发布；,本科,1,2023-04-07 08:52,新周刊,51~100人,广东,广告|传媒|文化|体育
九行公众号内容编辑运营实习生,1-2K/月,3个月,1、参与九行公众号的选题策划、编辑撰稿与内容运营。,本科,1,2023-04-07 08:52,新周刊,51~100人,广东,广告|传媒|文化|体育
德语翻译实习生,100-150元/天,3个月,1. Assist the team to do the company documents translation.,本科,1,2023-04-06 08:51,德利康,11~50人,广东,生物|医药
海外公寓咨询顾问,150-200元/天,2个月,【岗位要求】,本科,20,2023-03-21 13:24,学旅家,101~300人,上海,互联网|游戏|软件
内容运营实习生,3-4K/月,3个月,职位描述：,本科,2,2023-03-20 15:29,丁香园,1001~3000人,浙江,互联网|游戏|软件
选品实习生,130-150元/天,3个月,1、 负责开发有潜力成为爆款的品类、产品，并对其进行资源拓展及维护；,本科,2,2023-03-27 11:20,企鹅吃喝指南,51~100人,上海,互联网|游戏|软件
百科优质内容运营实习生-化学方向,145-150元/天,3个月,1、对用户生产的高校百科条目进行打分、给出修改意见，对内容质量进行把关；,本科,1,2023-03-20 14:31,字节跳动,3001人及以上,上海,互联网|游戏|软件
销售商务专员,140-170元/天,2个月,我们是：,本科,1,2023-03-21 09:26,盖瑞特,1001~3000人,上海,汽车|机械|制造
财务实习生,100-120元/天,3个月,1.增值税专用发票、增值税普通发票和广东省地方税收通用发票开具,本科,2,2023-03-20 09:21,东软,3001人及以上,广东,互联网|游戏|软件
门店实习生,130-150元/天,3个月,实习岗位介绍：原则上实习生均作为储备干部在门店实习3个月，实习结束后根据自身特长、自身意愿以及实习评价分配至门店、采购部、商品企划部、仓储等部门。如果部门业务需求实习生无需到门店实习，可在职能岗位实习。,大专,10,2023-03-30 11:51,逸之源,101~300人,浙江,快速消费品
财务助理,100-130元/天,3个月,1、协助领导收集、整理相关资料；,大专,4,2023-04-10 14:36,成功快车,51~100人,广东,互联网|游戏|软件
软件测试实习生,150-160元/天,3个月,承担多媒体软件的产品质量测试及管理相关工作。,本科,1,2023-04-10 13:13,尼禄软件,11~50人,浙江,互联网|游戏|软件
人力资源实习生,100-120元/天,3个月,1、通过各种方法（人才库、网站、社交平台等）完成目标候选人搜寻工作；,本科,1,2023-04-10 17:42,募格网络,50~150人,陕西,互联网|游戏|软件
UI实习生,150-160元/天,4个月,1、 参与公司产品移动端、PC端等用户界面交互设计和UI设计； ,本科,3,2023-04-06 10:21,尼禄软件,11~50人,浙江,互联网|游戏|软件
AI绘画平面实习生,150-160元/天,长期,1. 有一定线上宣传物料设计排版经验，有移动端的设计经验优先；,本科,1,2023-04-10 13:13,尼禄软件,11~50人,浙江,互联网|游戏|软件
文员助理实习生,120-130元/天,2个月,工作职责：,大专,3,2023-04-10 09:11,募格网络,50~150人,陕西,互联网|游戏|软件
法律合规部实习生,200-250元/天,3个月,1、协助支持投资业务，对拟投项目进行法律合规的初步调研和详细尽调，并整理工作底稿，撰写法律尽调报告，进行法律合规性评估，揭示风险并提出响应解决方案；,硕士,1,2023-03-30 09:36,国投招商,101~300人,江苏,金融
法务实习生,120-150元/天,3个月,【岗位职责】,本科,1,2023-03-28 15:55,编程猫,3001人及以上,广东,互联网|游戏|软件
CAD绘图员,面议,长期,熟练操作CAD和Office办公软件，思维活跃，有良好的沟通与组织协调能力；,不限,3,2023-04-03 09:26,RYBO,10人以内,上海,建筑|地产|家居
Marketing and Communication,100-150元/天,4个月,- 社交媒体（主要负责小红书、视频号、B站，协助微信公众号、SKEMA Suzhou 微信朋友圈、微博等）的运营,本科,2,2023-03-27 09:37,SK商学院,11~50人,江苏,教育培训
市场招生助理,100-150元/天,3个月,1、维护客户，收集和更新来自不同渠道的潜在客户的信息,本科,1,2023-03-27 09:37,SK商学院,11~50人,江苏,教育培训
新媒体运营（小红书）,1-2K/月,长期,1.小红书达人合作对接、建联、笔记发布全流程跟进,本科,10,2023-03-29 19:11,高途课堂,3001人及以上,北京,教育培训
财务实习生,130-150元/天,6个月,1. 协助主管完成基础财务审批流程；,大专,1,2023-03-29 17:51,淘米网络,301~1000人,上海,互联网|游戏|软件
实习生（数据分析岗）,200-400元/天,5个月,1、处理和挖掘金融数据，协助进行金融市场分析研究；,本科,2,2023-03-23 17:44,思晔投资,51~100人,上海,金融
运营实习生,100-200元/天,3个月,1.协助私募基金设立过程中的募集、成立，备案等工作；,本科,2,2023-03-29 17:33,展弘投资,11~50人,上海,金融
Analyst Intern,100-120元/天,3个月,• Copy editing on both Chinese and English,本科,1,2023-04-07 10:36,RTG,51~100人,上海,广告|传媒|文化|体育
人力资源咨询项目助理,100-120元/天,3个月,1.线上参与配合人力资源类项目的调研分析与方案配套材料梳理设计； ,本科,10,2023-04-04 10:48,驱动咨询,51~100人,上海,咨询/法律/人力资源
咨询师,100-200元/天,3个月,1.为交通运输部提供技术支撑,硕士,1,2023-04-10 14:09,中路交科,11~50人,北京,咨询/法律/人力资源
投标助手,120-180元/天,3个月,岗位职责:,本科,1,2023-04-07 13:37,普仕英才,51~100人,北京,咨询/法律/人力资源
猎头顾问助理实习生(深圳),80-150元/天,3个月,1）协助资深猎头顾问整理和收集目标行业的信息，分析客户需求；,本科,5,2023-04-06 09:34,赛睿人力资源,301~1000人,广东,咨询/法律/人力资源
VIP特邀买家实习生,160-180元/天,4个月,(一）,大专,10,2023-04-07 09:05,cioe中国光博会,51~100人,广东,政府/非盈利机构/其他
校园主理人（出国考试语言培训）,面议,3个月,1-开发留学语言培训学生，可以是在校内线下推广也可以通过小红书等新媒体平台运营。,本科,30,2023-04-10 13:30,海亮国际教育,101~300人,浙江,教育培训
客户经理助理,100-200元/天,3个月,1、商务线索挖掘：搜寻各地创业大赛、人才政策相关信息，协助数据统计；,本科,100,2023-04-07 11:40,景行科创,11~50人,浙江,咨询/法律/人力资源
校内大使实习,2-4K/月,长期,1. 在校工作，负责海亮国际语培校园品牌与产品宣传工作，如：品牌推广、课程宣传、筹备社群等；,本科,30,2023-04-10 13:28,海亮国际教育,101~300人,浙江,教育培训
行政助理,100-150元/天,长期,1. 协助处理公司办公室事务：包括办公费用报销、发票开具、活动组织等,大专,1,2023-04-10 10:53,迈睿咨询,11~50人,广东,咨询/法律/人力资源
助理猎头顾问,100-150元/天,长期,1、客户职位需求评估分析，分析招聘需求的详细信息并实施有效的招聘行动；,本科,2,2023-04-10 10:53,迈睿咨询,11~50人,广东,咨询/法律/人力资源
人力资源咨询项目助理,100-120元/天,3个月,1.线上参与配合人力资源类项目的调研分析与方案配套材料梳理设计； ,本科,10,2023-04-04 10:48,驱动咨询,51~100人,上海,咨询/法律/人力资源
客户运营,100-200元/天,长期,1.负责联系维护创业项目,不限,5,2023-04-10 17:52,景行创服,10人以内,浙江,政府/非盈利机构/其他
VIP特邀买家实习生,160-180元/天,4个月,(一）,大专,10,2023-04-07 09:05,cioe中国光博会,51~100人,广东,政府/非盈利机构/其他
Analyst Intern,100-120元/天,3个月,• Copy editing on both Chinese and English,本科,1,2023-04-07 10:36,RTG,51~100人,上海,广告|传媒|文化|体育
猎头顾问助理实习生(深圳),80-150元/天,3个月,1）协助资深猎头顾问整理和收集目标行业的信息，分析客户需求；,本科,5,2023-04-06 09:34,赛睿人力资源,301~1000人,广东,咨询/法律/人力资源
投标助手,120-180元/天,3个月,岗位职责:,本科,1,2023-04-07 13:37,普仕英才,51~100人,北京,咨询/法律/人力资源
校园主理人（出国考试语言培训）,面议,3个月,1-开发留学语言培训学生，可以是在校内线下推广也可以通过小红书等新媒体平台运营。,本科,30,2023-04-10 13:30,海亮国际教育,101~300人,浙江,教育培训
人力资源咨询项目助理,100-150元/天,2个月,1.线上参与配合人力资源类项目的调研分析与方案配套材料梳理设计； ,本科,30,2023-04-04 10:48,驱动咨询,51~100人,上海,咨询/法律/人力资源
猎头顾问助理实习生,80-150元/天,3个月,1）协助资深猎头顾问整理和收集目标行业的信息，分析客户需求；,本科,5,2023-04-06 09:34,赛睿人力资源,301~1000人,广东,咨询/法律/人力资源
猎头助理实习生,100-120元/天,长期,在项目经理的培训指导下，以电话沟通为主进行人才的初期寻访；,不限,3,2023-04-09 10:10,赛睿人力资源,301~1000人,广东,咨询/法律/人力资源
PRIntern,100-150元/天,3个月,1、Sample management,本科,1,2023-04-07 10:36,RTG,51~100人,上海,广告|传媒|文化|体育
人力资源实习生,100-120元/天,3个月,1、根据项目要求，对公司系统数据库进行分类、整理、录入；,本科,1,2023-04-07 09:45,赛睿人力资源,301~1000人,广东,咨询/法律/人力资源
猎头顾问实习生,100-200元/天,3个月,1.协助专业顾问分析客户的职位需求，明确目标公司的用人需求和候选人的职业发展诉求。,本科,30,2023-04-10 10:01,科锐国际,101~300人,吉林,咨询/法律/人力资源
行政/文员,100-120元/天,3个月,1.负责公司接待访客，并及时准确通知被访人员；,大专,2,2023-04-10 10:50,普仕英才,51~100人,北京,咨询/法律/人力资源
猎头顾问助理实习生（武汉）,80-120元/天,3个月,1.协助资深顾问整理和收集目标行业的信息，根据客户所在行业，客户需求以及目标职位的分析，拟定候选人寻访方案；,本科,2,2023-04-10 09:45,赛睿人力资源,301~1000人,广东,咨询/法律/人力资源
职称专员,100-120元/天,长期,1、负责提供各种类别职称评定政策解读、职称规划、职称申报等全流程服务工作；,大专,2,2023-04-10 10:34,科沃园集团,51~100人,广东,咨询/法律/人力资源
财务实习生,100-120元/天,3个月,1、协助会计处理日常的工作事项,大专,2,2023-04-06 09:34,赛睿人力资源,301~1000人,广东,咨询/法律/人力资源
猎头实习生（“迈芽生”）,120-150元/天,长期,"1、深入了解行业,客户,职位信息,制定搜索方向以及目标；",本科,3,2023-04-10 10:53,迈睿咨询,11~50人,广东,咨询/法律/人力资源
TalentResearcher,5-10K/月,长期,1、负责海外中高端职位人才猎寻项目的搜索、筛选、沟通评估、协调、推动，解决客户的人才需求；,本科,10,2023-04-10 09:52,海搜科技,101~300人,湖北,咨询/法律/人力资源
助理咨询师,160-200元/天,3个月,1、 协助咨询顾问参与公司的咨询研究项目，搜集资料，报告撰写；,本科,5,2023-04-10 17:36,君百略咨询,51~100人,北京,咨询/法律/人力资源
新媒体运营实习生,150-180元/天,3个月,1、参与公司产品、内容、品牌形象的线上推广宣传工作，通过各类渠道及分享机制的建立，提升资讯流量;,本科,1,2023-04-10 17:36,君百略咨询,51~100人,北京,咨询/法律/人力资源
薪酬管理实习生（广州）,80-100元/天,3个月,1、协助完成员工信息维护、档案整理等工作,本科,1,2023-04-10 09:44,赛睿人力资源,301~1000人,广东,咨询/法律/人力资源
（留学生）小红书兼职运营,200-300元/天,3个月,1.根据上级安排产出小红书平台相关选题内容;,本科,4,2023-04-10 11:02,有录网,301~1000人,北京,教育培训
活动实习生,150-200元/天,6个月,1. 能够对活动进行策划、执行、评估与监测、善用平台玩法，整合各种活动资源,本科,1,2023-04-10 14:17,BT教育,101~300人,广东,互联网|游戏|软件
人力资源咨询项目助理,100-150元/天,2个月,1.线上参与配合人力资源类项目的调研分析与方案配套材料梳理设计； ,本科,30,2023-04-04 10:48,驱动咨询,51~100人,上海,咨询/法律/人力资源
猎头顾问助理实习生,80-150元/天,3个月,1）协助资深猎头顾问整理和收集目标行业的信息，分析客户需求；,本科,5,2023-04-06 09:34,赛睿人力资源,301~1000人,广东,咨询/法律/人力资源
短视频达人 新媒体运营实习生 北京,150-200元/天,3个月,岗位职责,本科,5,2023-03-29 13:35,中科美伦数字技术股份公司,11~50人,北京,生物|医药
执行制片,10-20元/天,3个月,1.活动项目内容和细节的沟通，促进项目落实和推进；,本科,1,2023-04-03 16:16,芒果音乐,11~50人,上海,广告|传媒|文化|体育
执行导演,10-20元/天,3个月,1.负责项目方案创意策划、方案撰写、方案提案及推进方案落地实施；,本科,2,2023-04-03 16:07,芒果音乐,11~50人,上海,广告|传媒|文化|体育
艺人接待,10-20元/天,3个月,1.负责活动期间演出人员的行程规划统筹，协助管理好演出人员的行程安排；,不限,2,2023-04-03 15:18,芒果音乐,11~50人,上海,广告|传媒|文化|体育
培训实习生,150-200元/天,3个月,职责描述：,本科,1,2023-03-28 15:15,手回集团,301~1000人,广东,互联网|游戏|软件
市场运营实习生,150-200元/天,3个月,职责描述：,本科,1,2023-03-28 15:04,手回集团,301~1000人,广东,互联网|游戏|软件
洞察研究员实习生,面议,3个月,"青年志是一家专注青年文化研究与市场营销咨询机构，分为媒体内容业务和研究咨询业务。其中，研究咨询业务以「年轻人驱动商业创新」为使命与愿景，聚焦于16-40岁的年轻消费群体，为国内外的品牌、平台和资本提供趋势、洞察和策略服务。2008年成立至今，青年志以创新前瞻的趋势发现视角+深入系统扎实的人群洞察+策略性的商业分析与产出为业界所著称, 致力以文化洞察驱动商业创新咨询，帮助品牌融入年轻人的世界，与年轻人共创可感、可见、可期的美好未来。",本科,2,2023-03-23 11:08,青年志,51~100人,北京,广告|传媒|文化|体育
英文行政助理（服务于BC教育）,5-6元/天,长期,1、按照考量调整计划的指示，同时结合考试报名趋势来制定考位开放数量调整的方案。,本科,1,2023-04-03 10:43,华好日用品,101~300人,广东,快速消费品
招聘顾问实习生（Internship）,120-140元/天,3个月,1.根据客户所在行业，客户需求以及目标职位的分析，拟定一套完善的用人寻访目标公司和候选人寻访方案,本科,10,2023-04-03 10:19,普仕英才,51~100人,北京,咨询/法律/人力资源
Beijing Application Chemist Intern,200-400元/天,3个月,应用工程师的日常工作内容包含但不限于售前客户交流、客户样品测试及分析，现场及远程销售支持，参与策划并支援市场活动，参与全球新应用开发项目等。,本科,1,2023-03-24 11:28,Waters,3001人及以上,上海,生物|医药
创意视觉设计师实习生,150-180元/天,6个月,1、 协助同事完成小米平台全场景智能营销的创意视觉设计，包括电视OTT、AIOT等。为品牌主在小米生态平台上投放广告前制定创意解决方案。,本科,1,2023-03-22 16:39,小米科技,3001人及以上,上海,互联网|游戏|软件
行业研究员实习生,50-80元/天,3个月,1. 通过行业、公司及财务等基本面分析，研究上市公司的价值，撰写投资报告。,本科,1,2023-03-28 14:01,大谦资管,10人以内,北京,金融
部门助理,120-150元/天,长期,1.制作、管理数据报表；,本科,1,2023-03-28 13:56,FAFULI,101~300人,上海,咨询/法律/人力资源
信息审核实习生,140-160元/天,3个月,网络信息安全是当前热门岗位之一，你将获得网络信息安全的第一手信息，走在政策前线，跟上时代步伐。,大专,1,2023-03-22 09:52,凡科,301~1000人,广东,互联网|游戏|软件
小红书运营实习生,150-200元/天,3个月,职责描述：,本科,1,2023-03-27 10:29,手回集团,301~1000人,广东,互联网|游戏|软件
蔚来产品专家,100-150元/天,6个月,1.在展厅接待潜在用户，介绍车辆信息，解答疑问。,大专,1,2023-03-17 16:51,NIO蔚来,3001人及以上,上海,汽车|机械|制造
蔚来产品专家,100-150元/天,6个月,1.在展厅接待潜在用户，介绍车辆信息，解答疑问。,大专,1,2023-03-17 16:51,NIO蔚来,3001人及以上,上海,汽车|机械|制造
交付实习生,100-150元/天,6个月,1.负责交付现场秩序维护以及物料准备,大专,1,2023-03-17 16:50,NIO蔚来,3001人及以上,上海,汽车|机械|制造
服务代表实习生,100-150元/天,4个月,根据蔚来汽车服务流程负责车辆接待及交车工作并确保交车车辆完成所有服务诉求项目,大专,2,2023-03-17 16:49,NIO蔚来,3001人及以上,上海,汽车|机械|制造
蔚来顾问助理（永康）,100-150元/天,6个月,1.在展厅接待潜在用户，介绍车辆信息，解答疑问。,大专,1,2023-03-17 16:49,NIO蔚来,3001人及以上,上海,汽车|机械|制造
蔚来产品专家,100-150元/天,6个月,1.在展厅接待潜在用户，介绍车辆信息，解答疑问。,大专,1,2023-03-17 16:49,NIO蔚来,3001人及以上,上海,汽车|机械|制造
蔚来顾问助理,100-150元/天,6个月,1.在展厅接待潜在用户，介绍车辆信息，解答疑问。,大专,1,2023-03-17 16:49,NIO蔚来,3001人及以上,上海,汽车|机械|制造
APP内容运营实习生,1-2K/月,3个月,1）负责新周刊APP原创选题的策划和撰写。,本科,2,2023-03-31 09:30,新周刊,51~100人,广东,广告|传媒|文化|体育
校园推广（CA）,面议,长期,1.配合公司整体的市场宣传，通过线上及线下活动宣传公司品牌；,本科,10,2023-04-04 11:49,纪堂教育,11~50人,江苏,教育培训
法务助理实习生/Paralegal Internship,154-176元/天,6个月,"• This is an exciting internship opportunity for those who are seeking for practical working experience and fully involving in team cooperation in large multinational companies. You will closely support the work of Legal Manager in China, as well as APAC Legal Head.",本科,2,2023-03-17 14:18,隶属世界500强达飞集团,1001~3000人,北京,交通|物流|贸易
HR Intern 人事实习生,120-180元/天,3个月,Primary Responsibilities:,本科,1,2023-03-17 11:25,SABIC,3001人及以上,上海,能源|环保
供应链customer service,120-140元/天,3个月,1. Order Fulfillment:,本科,1,2023-03-17 11:25,SABIC,3001人及以上,上海,能源|环保
客户邀约实习生,140-150元/天,3个月,1.  根据公司提供的客户资源，对目标客户群体进行电话沟通；,不限,4,2023-03-27 18:03,FAFULI,101~300人,上海,咨询/法律/人力资源
初级IT咨询顾问（日语）,150-200元/天,长期,能够在埃森哲技术实习生项目获得什么？,本科,100,2023-03-17 10:55,埃森哲,3001人及以上,上海,咨询/法律/人力资源
酒店助理,2-4K/月,长期,1.每天早上9点、下午3点、晚上9点完成全部客房的除湿机倒水工作，并检查客房状况；,不限,10,2023-03-20 19:15,康藤旅游,101~300人,云南,政府/非盈利机构/其他
