岗位名称,薪资待遇,实习时长,工作描述,学历要求,招聘人数,发布时间,公司名称,公司规模,工作地点,企业领域,发布日期,年
实习生,116.67,长期,"['集团', '包含', '项目', '岗位', '实习']",大专,10,2023-02-22 10:48:00,诚信行物业,3001人及以上,广东省,建筑|地产|家居,2023-02-22,2023
HR实习生-招聘方向,135.0,3个月,"['工作', '地点', '深圳']",本科,2,2021-09-16 16:35:00,小米,3001人及以上,北京市,互联网|游戏|软件,2021-09-16,2021
社区内容运营实习,175.0,长期,"['负责', '挖掘', '头像', '壁纸', '表情', '包', '素材', '内容', '流行', '趋势', '玩法']",本科,1,2023-04-10 16:33:00,堆糖,51~100人,上海市,互联网|游戏|软件,2023-04-10,2023
客户执行实习生,135.0,3个月,"['协助', '客户经理', '做好', '客户', '后续', '衔接', '公司', '内部', '相关', '执行', '工作']",本科,2,2023-03-23 10:13:00,爱点击,1001~3000人,上海市,互联网|游戏|软件,2023-03-23,2023
国际物流管理实习生,165.0,3个月,"['\xa0', '负责', '制单', '要求', '制作', '发票', '箱单', '产地证', '负责', '出具', '海运', '保单', '需', '单证', '负责', '客户', '确认', '全套', '资料']",本科,1,2023-03-30 10:49:00,美的集团,3001人及以上,广东省,汽车|机械|制造,2023-03-30,2023
人事实习生,83.33,3个月,"['协助', '办理', '集团', '事业部', '所有', '员工', '入', '离职', '登记']",本科,1,2023-04-07 18:53:00,悍高集团股份有限公司,1001~3000人,广东省,建筑|地产|家居,2023-04-07,2023
剪辑实习生,135.0,3个月,"['主要', '负责', '公司', '旗下', '红', '艺术家', '设计师', '抖音', '小红书', 'B', '站', '内容', '剪辑', '前期', '同事', '脚本', '需求', '完成', '剪辑', '节奏', '结构', '字幕', '效果', '音效', '创作']",本科,1,2023-04-06 11:43:00,爱点击,1001~3000人,上海市,互联网|游戏|软件,2023-04-06,2023
校园招聘助理实习生,110.0,4个月,"['A股', '上市公司', '科锐', '国际', '校园', '招聘', '业务', '招聘', '助理', '实习生']",本科,1,2023-04-10 10:13:00,科锐国际,3001人及以上,北京市,咨询/法律/人力资源,2023-04-10,2023
短期线上录入实习生,175.0,1个月,"['项目', '类型', '信息', '审核', '兼职']",不限,10,2023-04-07 16:30:00,点米科技,301~1000人,广东省,互联网|游戏|软件,2023-04-07,2023
战略客户总部实习生,135.0,3个月,"['网络', '相关', '市场', '资讯', '企业', '年报', '竞品', '趋势', '进行', '搜索', '整理', '分析']",本科,1,2023-04-04 11:27:00,云南信托,101~300人,上海市,金融,2023-04-04,2023
PR实习生,175.0,5个月,"['完成', '舆情', '周报', '竞品', '日报', '简报', '专报', '撰写', '工作']",本科,1,2023-04-10 13:56:00,货拉拉,3001人及以上,广东省,互联网|游戏|软件,2023-04-10,2023
财务实习生,110.0,3个月,"['报销', '单据', '初审', '入账', '工作']",本科,2,2023-04-07 16:13:00,碧桂园集团,3001人及以上,广东省,建筑|地产|家居,2023-04-07,2023
策划实习生,125.0,6个月,"['协助', '策划', '筹备', '执行', '线下', '会议', '营销', '活动', '包括', '展会', '区域', '经销商', '新品', '发布会']",本科,1,2023-04-07 09:38:00,理邦仪器,1001~3000人,广东省,生物|医药,2023-04-07,2023
新媒体运营实习生,125.0,6个月,"['工作', '职责']",本科,1,2023-04-06 16:19:00,理邦仪器,1001~3000人,广东省,生物|医药,2023-04-06,2023
人力资源实习生,125.0,6个月,"['协助', '人力资源', '日常', '事务性', '工作', '特别', '招聘', '工作', '开展', '配合', '专业', '项目', '工作', '组织', '落地']",本科,1,2023-04-10 09:38:00,华润三九,3001人及以上,广东省,生物|医药,2023-04-10,2023
猎头/招聘实习生,135.0,3个月,"['猎头', '招聘', '实习生', '需', '深圳', '线下', '实习', '\xa0']",本科,5,2023-04-07 17:42:00,科锐国际,3001人及以上,北京市,咨询/法律/人力资源,2023-04-07,2023
Marketing Intern-上海乐高乐园度假区,149.5,长期,['Responsibilities'],本科,1,2023-04-06 16:28:00,上海乐高乐园度假区,1001~3000人,上海市,生活服务,2023-04-06,2023
财务管理实习生,135.0,长期,"['协助', '进行', '科目', '对账', '资金', '账户', '核对']",本科,1,2023-04-10 13:28:00,美的集团,3001人及以上,广东省,汽车|机械|制造,2023-04-10,2023
国盛证券人力资源总部实习生,80.0,3个月,"['岗位职责', '\xa0', '协助', '组织', '区域', '总部', '人员', '招聘', '培训', '工作', '\xa0', '协助', '办理', '区域', '总部', '入', '转', '调', '相关', '手续', '\xa0', '协助', '办理', '上海地区', '落户', '居住证', '相关', '事宜']",本科,1,2023-04-10 14:31:00,国盛证券,1001~3000人,上海市,金融,2023-04-10,2023
人力资源助理实习生,125.0,6个月,['岗位职责'],本科,2,2023-04-10 10:13:00,科锐国际,3001人及以上,北京市,咨询/法律/人力资源,2023-04-10,2023
医学代表实习生-辽宁,135.0,3个月,"['\xa0', '遵循', '国家', '行业', '公司', '法规', '秉持', '高标准', '商业', '规范']",本科,30,2023-04-10 15:07:00,阿斯利康,3001人及以上,上海市,生物|医药,2023-04-10,2023
[2024届实习可转正] 保险产品实习生-大连/上海,170.0,3个月,"['业务', '需求', '协助', '导师', '研究', '互联网', '保险市场', '趋势', '竞品', '动态', '完成', '保险产品', '市场调研', '需求', '收集', '形态', '设计', '上线', '推动', '产品', '营销', '全过程', '进行', '创新', '产品设计', '开发']",本科,18,2023-04-10 16:28:00,众安,1001~3000人,广东省,互联网|游戏|软件,2023-04-10,2023
内容运营实习生,205.0,3个月,['岗位职责'],本科,1,2023-04-10 16:58:00,微店,1001~3000人,北京市,互联网|游戏|软件,2023-04-10,2023
HR招聘实习生,135.0,3个月,"['利用', '招聘', '渠道', '发布', '招聘广告', '寻求', '招聘', '机构', '\xa0']",本科,13,2023-04-04 15:45:00,科锐国际,3001人及以上,北京市,咨询/法律/人力资源,2023-04-04,2023
销售管理实习生,165.0,3个月,"['\xa0', '销售', '部门', '紧密', '衔接', '分析', '数据', '管理', '需求预测']",不限,1,2023-04-06 10:19:00,美的集团,3001人及以上,广东省,汽车|机械|制造,2023-04-06,2023
招聘方向实习生,210.0,3个月,"['协助', '推进', '招聘', '流程', '工作', '协助', '招聘', '项目', '开展', '招聘', '数据', '统计']",本科,1,2023-04-07 15:07:00,美团,1001~3000人,北京市,互联网|游戏|软件,2023-04-07,2023
运营实习生,175.0,3个月,['岗位职责'],本科,2,2023-04-10 11:59:00,云上会展有限公司,51~100人,上海市,互联网|游戏|软件,2023-04-10,2023
短视频实习生,175.0,4个月,"['参与', '公司', '合作', '自建', '账号', '定位', '规划', '内容', '策划', '拍摄', '剪辑', '工作', '\xa0']",大专,1,2023-04-06 19:17:00,货拉拉,3001人及以上,广东省,互联网|游戏|软件,2023-04-06,2023
短视频拍摄剪辑实习生,120.5,3个月,"['投递', '保证', '简历', '内置', '作品', '链接', '介绍', '清楚', '熟悉', '拍摄', '产品']",本科,1,2023-04-10 15:28:00,网易有道,3001人及以上,北京市,互联网|游戏|软件,2023-04-10,2023
桌面运维实习生,150.0,3个月,"['Job', '\xa0', 'Description']",大专,2,2023-04-03 23:46:00,晶科科技,1001~3000人,上海市,能源|环保,2023-04-03,2023
运营助理,140.0,3个月,"['协助', '上海', '区域', '销售', '数据', '统计', '分析']",本科,1,2023-04-06 15:14:00,好买财富,1001~3000人,上海市,金融,2023-04-06,2023
上市公司-猎头实习生,135.0,3个月,"['协助', '猎头', '顾问', '独立', '互联网', '高科技', '客户', '需求', '职位', '技术', '岗位', '居多', '进行', '分析', '\xa0']",本科,5,2023-04-04 15:45:00,科锐国际,3001人及以上,北京市,咨询/法律/人力资源,2023-04-04,2023
股权投行实习生-武汉,90.0,3个月,"['\xa0', '\xa0', '协助', '项目组', '人员', '负责', '股权', '业务', '项目', '承', '做', '协助', '梳理', '项目', '尽职', '调查', '方案设计', '工作', '底稿', '申报材料', '制作', '项目', '报批', '项目', '发行', '全过程', '运作']",硕士,1,2023-04-07 15:05:00,天风证券,301~1000人,湖北省,金融,2023-04-07,2023
医学代表实习生-内蒙古,135.0,3个月,"['\xa0', '遵循', '国家', '行业', '公司', '法规', '秉持', '高标准', '商业', '规范']",本科,30,2023-04-10 15:07:00,阿斯利康,3001人及以上,上海市,生物|医药,2023-04-10,2023
会计实习生,175.0,4个月,"['JOB', '\xa0', 'RESPONSIBILITY']",本科,1,2023-04-06 10:43:00,卡特彼勒,301~1000人,北京市,汽车|机械|制造,2023-04-06,2023
HR实习生,150.0,2个月,['岗位职责'],本科,25,2023-04-10 10:30:00,科锐国际,1001~3000人,北京市,咨询/法律/人力资源,2023-04-10,2023
医学代表实习生-吉林,135.0,3个月,"['\xa0', '遵循', '国家', '行业', '公司', '法规', '秉持', '高标准', '商业', '规范']",本科,30,2023-04-10 15:07:00,阿斯利康,3001人及以上,上海市,生物|医药,2023-04-10,2023
上市公司 · 猎头实习生线下,150.0,3个月,"['协助', '专业', '顾问', '分析', '客户', '职位', '需求', '明确', '目标', '公司', '用人', '需求', '候选人', '职业', '发展', '诉求']",本科,10,2023-04-04 15:47:00,科锐国际,3001人及以上,北京市,咨询/法律/人力资源,2023-04-04,2023
固定收益部实习生,135.0,3个月,"['重点', '协助', '投资', '助理', '产品', '助理', '信用', '研究', '助理', '方向', '工作', '协助', '剩余', '方向', '工作', '涉及', '工作']",本科,3,2023-04-04 17:48:00,云南信托,101~300人,上海市,金融,2023-04-04,2023
海外市场实习生,165.0,3个月,"['工作', '职责']",本科,1,2023-04-07 14:05:00,叽里呱啦,301~1000人,上海市,互联网|游戏|软件,2023-04-07,2023
A股上市公司猎头顾问实习生,110.0,3个月,['认识'],本科,150,2023-04-10 10:13:00,科锐国际,3001人及以上,北京市,咨询/法律/人力资源,2023-04-10,2023
政府信息化咨询助理,135.0,6个月,"['\xa0', '协助', '咨询', '顾问', '政府', '相关', '委办局', '提供', '政府', '信息化', '相关', '全过程', '咨询服务', '包括', '政府', '信息化', '项目', '前期', '咨询', '深化', '设计', '监理', '服务', '工作', '解决', '政府', '相关', '委办局', '客户', '信息化', '建设', '相关', '专业', '领域', '整体', '架构', '建设', '方案', '过程', '管理', '合法', '合规', '各类', '管理', '问题']",本科,3,2023-04-07 16:14:00,邮研院,1001~3000人,上海市,IT|通信|电子,2023-04-07,2023
活动运营实习生,100.5,3个月,"['\xa0', '立足', '项目', '目标', '结合', '适用', '节点', '参与', '面向', '目标', '用户', '活动', '策划']",不限,1,2023-04-04 18:53:00,搜狐,3001人及以上,北京市,互联网|游戏|软件,2023-04-04,2023
人力实习生,132.0,3个月,['招聘'],本科,2,2023-04-07 16:32:00,力合科创,301~1000人,广东省,金融,2023-04-07,2023
招聘/猎头实习生,135.0,3个月,"['工作', '职责']",本科,30,2023-04-04 16:45:00,科锐国际,3001人及以上,北京市,咨询/法律/人力资源,2023-04-04,2023
市场实习生,189.5,长期,['RESPONSIBILITIES'],本科,1,2023-04-10 16:04:00,达伯埃,51~100人,上海市,快速消费品,2023-04-10,2023
社群运营实习生,150.0,3个月,"['业务', '发展', '方向', '管理', '社群', '运营', '挖掘', '社群', '用户', '需求', '活动', '互动', '提高', '社群', '粘性', '\xa0']",大专,2,2023-04-04 09:35:00,货拉拉,3001人及以上,广东省,互联网|游戏|软件,2023-04-04,2023
量化投资实习生,125.0,3个月,"['开发', '投资', '使用', '量化', '因子']",硕士,2,2023-04-04 13:20:00,湘财证券,3001人及以上,上海市,金融,2023-04-04,2023
活动运营实习生,125.0,3个月,"['负责', '高校', '活动', '跟进', '输出', '活动', '方案', '宣传', '物料', '跟踪', '控', '活动', '整体', '流程', '对拉新', '目标', '进行', '管理', '主要', '内容', '简历', '大赛', '高校', '活动', '赞助']",本科,1,2023-04-04 17:16:00,丁香园,1001~3000人,浙江省,互联网|游戏|软件,2023-04-04,2023
用户运营实习生,135.0,3个月,"['参与', '用户', '运营', '制定', '实施', '实现', '用户', '增长', '转化', '用户', '留存', '\xa0']",本科,3,2023-04-07 15:28:00,网易有道,3001人及以上,北京市,互联网|游戏|软件,2023-04-07,2023
猎头/招聘实习生,135.0,3个月,"['猎头', '招聘', '实习生', '需', '广州', '线下', '实习', '\xa0']",本科,5,2023-04-07 17:42:00,科锐国际,3001人及以上,北京市,咨询/法律/人力资源,2023-04-07,2023
招聘/猎头实习生,135.0,3个月,"['招聘', '实习生', '远程', '线上', '实习', '\xa0']",本科,5,2023-04-07 17:42:00,科锐国际,3001人及以上,北京市,咨询/法律/人力资源,2023-04-07,2023
新媒体运营实习生,165.0,3个月,['岗位职责'],本科,1,2023-04-07 13:34:00,叽里呱啦,301~1000人,上海市,互联网|游戏|软件,2023-04-07,2023
用户运营实习生,125.0,3个月,"['负责', '整理', '丁香', '园', 'APP', '优质', '内容', '渠道', '内容', '进行', '分发', '提升', 'APP', '活跃']",本科,1,2023-04-10 16:08:00,丁香园,1001~3000人,浙江省,互联网|游戏|软件,2023-04-10,2023
行政实习生,125.0,3个月,"['行政', '费用', '管理', '统筹', '公司', '中心', '部门', '行政', '统筹', '专控', '费用', '通讯', '车补', '交际', '差旅', '管理', '规范', '费用', '标准', '有效', '控制', '公司', '成本费用']",本科,1,2023-04-10 13:36:00,华润三九,3001人及以上,广东省,生物|医药,2023-04-10,2023
猎头/招聘实习生,160.0,3个月,"['猎头', '招聘', '实习生', '需', '深圳', '线下', '实习', '\xa0']",本科,5,2023-04-07 17:42:00,科锐国际,3001人及以上,北京市,咨询/法律/人力资源,2023-04-07,2023
资料录入文员,175.0,3个月,"['整理', '法院', '内部', '案件', '纸质', '材料', '做好', '扫描', '整理', '登记', '案件', '管理人员', '核对', '案件', '整理', '无误']",大专,4,2023-04-10 09:45:00,北明软件,1001~3000人,广东省,IT|通信|电子,2023-04-10,2023
财务实习生,135.0,3个月,"['\xa0', '负责', '财务部', '业务', '模块', '数据', '整理', '筛选', '单据', '核对', '工作']",本科,3,2023-04-07 16:29:00,和誉生物,101~300人,上海市,生物|医药,2023-04-07,2023
HR招聘实习生,140.0,3个月,"['\xa0', '结合', '业务', '发展', '用人', '部门', '需求', '确定', '招聘', '需求', '实施', '招聘']",本科,10,2023-04-10 13:58:00,中芯国际,3001人及以上,上海市,IT|通信|电子,2023-04-10,2023
质量与法规事务实习生,135.0,3个月,"['职位', '描述']",不限,1,2023-04-07 10:44:00,费森尤斯医疗,1001~3000人,上海市,生物|医药,2023-04-07,2023
KOL执行实习生,135.0,3个月,"['负责', '配合', '执行', '提报', '商务', '需求']",本科,1,2023-04-06 11:43:00,爱点击,1001~3000人,上海市,互联网|游戏|软件,2023-04-06,2023
线上实习生,160.0,2个月,"['科锐', '国际', '\xa0']",本科,40,2023-04-10 10:52:00,科锐国际,3001人及以上,北京市,咨询/法律/人力资源,2023-04-10,2023
BD实习生,160.0,2个月,"['按计划', '要求', '联系', '拜访', '客户', '目标', '客户', '提供', '有效', '咨询', '解决方案']",本科,5,2023-04-03 15:24:00,科锐国际,3001人及以上,北京市,咨询/法律/人力资源,2023-04-03,2023
财务实习生,135.0,3个月,"['凭证', '整理', '装订']",本科,2,2023-04-03 15:24:00,科锐国际,3001人及以上,北京市,咨询/法律/人力资源,2023-04-03,2023
行政实习生,135.0,3个月,"['日常', '单据', '报销', '审核']",本科,2,2023-04-03 15:23:00,科锐国际,3001人及以上,北京市,咨询/法律/人力资源,2023-04-03,2023
华南商务合作助理,90.0,3个月,"['协助', '完成', '客户', '背调', '提取', '核心', '信息']",本科,1,2023-04-03 15:02:00,财新传媒,301~1000人,广东省,广告|传媒|文化|体育,2023-04-03,2023
业务流程管理实习生,90.0,4个月,"['业务流程', '管理', '辅助', '协助', '处理', '业务', '内控', '流程', '合规', '审核', '报销', '系统', '录入', '工作']",本科,1,2023-04-03 14:30:00,dentsu,1001~3000人,北京市,广告|传媒|文化|体育,2023-04-03,2023
HRBP实习生,110.0,3个月,"['协助', '外部', '相关', '政策', '柜台', '咨询', '办理']",本科,1,2023-04-03 13:49:00,益海嘉里,3001人及以上,上海市,交通|物流|贸易,2023-04-03,2023
日化品牌实习生,100.0,3个月,"['工作', '职责']",本科,1,2023-04-03 13:49:00,益海嘉里,3001人及以上,上海市,交通|物流|贸易,2023-04-03,2023
项目助理+SAP HR模块实习生,170.0,长期,"['Working', '\xa0', 'content']",本科,1,2023-04-03 13:49:00,源讯中国,301~1000人,北京市,互联网|游戏|软件,2023-04-03,2023
软件测试实习生,170.0,长期,"['\xa0', '协助', '工程师', 'follow', '\xa0', 'case', '进度']",本科,1,2023-04-03 13:46:00,源讯中国,301~1000人,北京市,互联网|游戏|软件,2023-04-03,2023
招聘实习生 ,125.0,3个月,"['快速', '理解', '客户', '公司', '委托', '职位', '制定', '找寻', '人才', '方向', '\xa0']",本科,20,2023-04-03 13:34:00,科锐国际,3001人及以上,北京市,咨询/法律/人力资源,2023-04-03,2023
猎头实习生,125.0,3个月,"['参与', '日常', '招聘', '工作', '协助', '进行', '人才', '招聘', '面试', '安排', '接待', '工作']",本科,20,2023-04-03 13:34:00,科锐国际,3001人及以上,北京市,咨询/法律/人力资源,2023-04-03,2023
行政前台,110.0,3个月,['岗位职责'],本科,1,2023-04-03 13:33:00,中投中财,101~300人,北京市,金融,2023-04-03,2023
HR实习生,145.0,3个月,"['维护', '拓展', '公司', '招聘', '渠道', '更新', '招聘', '信息', '\xa0']",本科,1,2023-04-03 11:10:00,字节跳动,3001人及以上,上海市,互联网|游戏|软件,2023-04-03,2023
销售助理实习生,125.0,3个月,"['工作', '职责']",本科,3,2023-04-03 10:48:00,东软集团,3001人及以上,北京市,互联网|游戏|软件,2023-04-03,2023
渠道管理实习生,135.0,6个月,"['经销商', '资质', '文档', '管理']",本科,1,2023-04-03 10:06:00,费森尤斯医疗,1001~3000人,上海市,生物|医药,2023-04-03,2023
内容运营助理,160.0,3个月,"['\xa0', '品牌', '特性', '产品', '卖点', '动态', '市场', '洞察', '结合', '热点', '节日', '品牌', '事件', '销售', '端口', '产品', '端口', '需求', '反馈', '提炼', '亮点', '进行', '文案', '编辑', '撰写']",本科,2,2023-04-03 09:18:00,新通教育,3001人及以上,浙江省,教育培训,2023-04-03,2023
售后市场部实习生,135.0,6个月,"['售后', '市场部', '直接', '面对', '终端', '市场', '客户', '负责', '售后', '市场', '市场', '战略', '产品', '内容', '输出', '负责', '组织', '线上', '线下', '市场', '活动', '来触', '客户']",本科,1,2023-04-04 10:51:00,盖瑞特,1001~3000人,上海市,汽车|机械|制造,2023-04-04,2023
招聘实习生,125.0,3个月,['岗位职责'],不限,1,2023-04-06 11:45:00,Fesco广东,301~1000人,广东省,咨询/法律/人力资源,2023-04-06,2023
财务实习生,135.0,6个月,['职责'],本科,1,2023-04-06 13:44:00,上海贝尔企业通信,301~1000人,上海市,IT|通信|电子,2023-04-06,2023
猎头顾问实习生,150.0,3个月,"['协助', '专业', '顾问', '分析', '客户', '职位', '需求', '明确', '目标', '公司', '用人', '需求', '候选人', '职业', '发展', '诉求']",本科,10,2023-04-10 10:20:00,科锐国际,301~1000人,陕西省,咨询/法律/人力资源,2023-04-10,2023
资本市场部实习生,95.0,3个月,"['参与', '私募', '基金', '发行', '生命周期', '管理工作', '包括', '限于', '产品', '发行', '成立', '产品', '备案', '产品', '建仓', '调仓', '\xa0']",本科,2,2023-04-10 15:13:00,陆浦投资,301~1000人,上海市,金融,2023-04-10,2023
编辑实习生——统计学,160.0,3个月,"['统计学', '专业', '考研', '考证', '相关', '笔记', '整理', '核对', '答案', '解析']",硕士,100,2023-04-10 09:02:00,圣才电子书,101~300人,北京市,互联网|游戏|软件,2023-04-10,2023
HR实习生,150.0,3个月,"['协助', '专业', '顾问', '分析', '客户', '职位', '需求', '明确', '目标', '公司', '用人', '需求', '候选人', '职业', '发展', '诉求']",本科,15,2023-04-10 17:38:00,科锐国际,301~1000人,陕西省,咨询/法律/人力资源,2023-04-10,2023
网课-教学助教 | Teaching Assistant,125.0,1个月,"['实习', '岗位']",本科,10,2023-04-07 16:48:00,JNC,51~100人,广东省,教育培训,2023-04-07,2023
HR Intern,135.0,3个月,"['协助', 'HR', '同事', '完成', '日常', '招聘', '工作']",本科,1,2023-04-06 15:34:00,盖瑞特,1001~3000人,上海市,汽车|机械|制造,2023-04-06,2023
财务实习生,135.0,长期,['职责'],本科,1,2023-04-06 13:44:00,上海贝尔企业通信,301~1000人,上海市,IT|通信|电子,2023-04-06,2023
汽车智能网联实习生,175.0,6个月,[],本科,1,2023-04-06 10:09:00,盖瑞特,1001~3000人,上海市,汽车|机械|制造,2023-04-06,2023
招聘专员,216.67,6个月,"['\xa0', '负责', '完成', '公司', '招聘', '目标', '快速', '满足', '部门', '招聘', '需求']",本科,10,2023-04-06 16:35:00,湖北纳杰,3001人及以上,湖北省,咨询/法律/人力资源,2023-04-06,2023
销售助理实习生,155.0,3个月,"['\xa0', '协助', '渠道', '销售部', '经销商', '完成', '报价', '\xa0', '跟进', '交货', '出货', '安排', '\xa0', '\xa0', '\xa0', '\xa0', '\xa0', '\xa0']",大专,2,2023-04-10 13:20:00,外企德科,1001~3000人,上海市,咨询/法律/人力资源,2023-04-10,2023
猎头顾问,150.0,3个月,"['客户', '所在', '行业', '客户', '需求', '目标', '职位', '分析', '拟定', '一套', '完善', '用人', '寻访', '目标', '公司', '候选人', '寻访', '方案']",本科,15,2023-04-04 14:52:00,科锐国际,301~1000人,陕西省,咨询/法律/人力资源,2023-04-04,2023
猎头实习生,150.0,3个月,"['协助', '专业', '顾问', '分析', '客户', '职位', '需求', '明确', '目标', '公司', '用人', '需求', '候选人', '职业', '发展', '诉求']",本科,15,2023-04-07 16:28:00,科锐国际,301~1000人,陕西省,咨询/法律/人力资源,2023-04-07,2023
营销分析实习生,135.0,3个月,"['最新', '汽车', '工业', '涡轮', '增压', '竞争', '动态']",本科,1,2023-04-06 10:13:00,盖瑞特,1001~3000人,上海市,汽车|机械|制造,2023-04-06,2023
线下项目-教学助教 | Teaching Assistant,125.0,1个月,"['实习', '岗位']",本科,10,2023-04-07 16:48:00,JNC,51~100人,广东省,教育培训,2023-04-07,2023
综合部实习生,147.5,3个月,"['工作', '职责']",本科,1,2023-04-04 12:27:00,理成资产,11~50人,上海市,金融,2023-04-04,2023
资本市场部实习生,99.5,长期,"['参与', '私募', '基金', '发行', '生命周期', '管理工作', '包括', '限于', '产品', '发行', '成立', '产品', '备案', '产品', '建仓', '调仓', '\xa0']",本科,2,2023-04-10 15:13:00,陆浦投资,301~1000人,上海市,金融,2023-04-10,2023
Marketing Analyst Intern,155.0,6个月,"['Your', '\xa0', 'role', '\xa0', 'with', '\xa0', 'Garrett']",本科,1,2023-04-06 10:09:00,盖瑞特,1001~3000人,上海市,汽车|机械|制造,2023-04-06,2023
数字化推广实习生,155.0,3个月,"['美化', 'ppt']",本科,1,2023-04-10 10:37:00,外企德科,1001~3000人,上海市,咨询/法律/人力资源,2023-04-10,2023
编辑实习生——金融学,160.0,3个月,"['金融学', '专业', '考研', '考证', '相关', '笔记', '整理', '核对', '答案', '解析']",硕士,100,2023-04-10 09:02:00,圣才电子书,101~300人,北京市,互联网|游戏|软件,2023-04-10,2023
寒暑假工,166.67,2个月,"['负责', '产线', '正常', '生产']",不限,60,2023-04-07 14:41:00,湖北纳杰,3001人及以上,湖北省,咨询/法律/人力资源,2023-04-07,2023
编辑实习生——护理学,160.0,3个月,"['护理学', '专业', '考研', '考证', '相关', '笔记', '整理', '核对', '答案', '解析']",硕士,100,2023-04-10 09:02:00,圣才电子书,101~300人,北京市,互联网|游戏|软件,2023-04-10,2023
马原编辑实习生,160.0,3个月,"['药学', '专业', '考研', '考证', '相关', '笔记', '整理', '核对', '答案', '解析']",硕士,100,2023-04-04 08:45:00,圣才电子书,101~300人,北京市,互联网|游戏|软件,2023-04-04,2023
猎头顾问实习生,150.0,3个月,"['协助', '专业', '顾问', '分析', '客户', '职位', '需求', '明确', '目标', '公司', '用人', '需求', '候选人', '职业', '发展', '诉求']",本科,15,2023-04-10 17:38:00,科锐国际,301~1000人,陕西省,咨询/法律/人力资源,2023-04-10,2023
文案实习生,145.0,6个月,"['工作', '内容']",本科,1,2023-04-03 17:23:00,CGP,101~300人,上海市,咨询/法律/人力资源,2023-04-03,2023
小学助教老师,150.0,1个月,"['跟进', '体验', '课', '学员', '学员', '家长', '保持良好', '沟通', '加强', '客户', '课程', '产品', '兴趣']",本科,20,2023-03-31 17:49:00,跟谁学高途课堂,3001人及以上,四川省,教育培训,2023-03-31,2023
人力资源实习生,200.0,4个月,"['\xa0', '协助', '开展', '各项', '人员', '招聘', '工作', '参与', '面试', '流程', '管理', '协助', '优化', '招聘', '相关', '制度', '流程', '表单']",本科,2,2023-03-31 15:53:00,科园贸易,301~1000人,北京市,生物|医药,2023-03-31,2023
蔚来实习生,175.0,6个月,"['负责', '对内', '对外', 'VI', '设计', '落地']",本科,1,2023-03-31 14:21:00,NIO蔚来,3001人及以上,上海市,汽车|机械|制造,2023-03-31,2023
服务代表实习,125.0,4个月,"['工作', '职责']",大专,2,2023-03-31 14:20:00,NIO蔚来,3001人及以上,上海市,汽车|机械|制造,2023-03-31,2023
蔚来顾问助理,125.0,6个月,"['展厅', '接待', '潜在用户', '介绍', '车辆', '信息', '解答', '疑问']",大专,1,2023-03-31 14:19:00,NIO蔚来,3001人及以上,上海市,汽车|机械|制造,2023-03-31,2023
运营实习生,125.0,6个月,"['工作', '职责', '\xa0']",本科,1,2023-03-31 14:19:00,NIO蔚来,3001人及以上,上海市,汽车|机械|制造,2023-03-31,2023
交付实习生,125.0,3个月,"['\xa0', '完成', '车辆', '美容', '之前', '文件', '准备', '工作']",本科,2,2023-03-31 14:18:00,NIO蔚来,3001人及以上,上海市,汽车|机械|制造,2023-03-31,2023
交付实习生,125.0,4个月,"['负责', '交付', '现场', '秩序', '维护', '物料', '准备']",大专,1,2023-03-31 14:18:00,NIO蔚来,3001人及以上,上海市,汽车|机械|制造,2023-03-31,2023
活动运营实习生,125.0,5个月,"['\xa0', '统筹', '业务', '运营', '阶段性', '目标', '实现', '良好', '过程', '管理', '阶段性', '目标', '输出', '负责']",大专,1,2023-03-31 14:18:00,NIO蔚来,3001人及以上,上海市,汽车|机械|制造,2023-03-31,2023
蔚来空间运营实习生,125.0,6个月,"['价值观', '建立', '日常', '工作', '践行', '蔚来', '价值观']",本科,1,2023-03-31 14:17:00,NIO蔚来,3001人及以上,上海市,汽车|机械|制造,2023-03-31,2023
蔚来实习生,175.0,6个月,"['负责', '对内', '对外', 'VI', '设计', '落地']",本科,1,2023-03-31 14:17:00,NIO蔚来,3001人及以上,上海市,汽车|机械|制造,2023-03-31,2023
蔚来顾问实习生,125.0,6个月,"['展厅', '接待', '潜在用户', '介绍', '车辆', '信息', '解答', '疑问']",大专,1,2023-03-31 14:10:00,NIO蔚来,3001人及以上,上海市,汽车|机械|制造,2023-03-31,2023
蔚来实习生,145.0,6个月,"['\xa0', '\xa0', '用户', '活动', '策划', '执行']",本科,1,2023-03-31 14:09:00,NIO蔚来,3001人及以上,上海市,汽车|机械|制造,2023-03-31,2023
市场部实习生,125.0,6个月,"['内容', '生产', '协助', '参与', '产出', '具备', '品牌', '产品', '向往', '内容']",本科,1,2023-03-31 14:08:00,NIO蔚来,3001人及以上,上海市,汽车|机械|制造,2023-03-31,2023
蔚来顾问助理,125.0,6个月,"['展厅', '接待', '潜在用户', '介绍', '车辆', '信息', '解答', '疑问']",大专,1,2023-03-31 14:07:00,NIO蔚来,3001人及以上,上海市,汽车|机械|制造,2023-03-31,2023
蔚来顾问助理实习生,125.0,6个月,"['展厅', '接待', '潜在用户', '介绍', '车辆', '信息', '解答', '疑问']",大专,1,2023-03-31 13:58:00,NIO蔚来,3001人及以上,上海市,汽车|机械|制造,2023-03-31,2023
HR Intern人事实习生,149.5,长期,"['注', '岗位', '接受', '线上', '实习', '地点', '位于', '上海市', '金山区']",本科,1,2023-03-31 13:26:00,上海乐高乐园度假区,1001~3000人,上海市,生活服务,2023-03-31,2023
人力资源部实习生,130.0,3个月,"['协助', '开展', '招聘', '工作', '简历', '筛选', '面试', '安排']",本科,1,2023-03-31 10:03:00,财通基金,301~1000人,上海市,金融,2023-03-31,2023
后端开发实习生,166.67,3个月,"['参与', '产品', '需求', '研发', '设计', '相关', '讨论', '快速', '理解', '业务', '需求']",本科,10,2023-04-05 15:10:00,科通实业,51~100人,上海市,互联网|游戏|软件,2023-04-05,2023
猎头顾问助理,125.0,长期,"['协助', '猎头', '顾问', '操作', '项目', '职位', '进行', '学习', '资料', '收集']",本科,5,2023-04-10 17:25:00,猎聘网,1001~3000人,广东省,互联网|游戏|软件,2023-04-10,2023
人力资源实习生,110.0,3个月,"['HRBP', '配合', '同事', '完成', '业务', '招聘', '培训', '员工', '关系', '模块', '相关', '专项', '工作', '\xa0']",本科,2,2023-04-10 14:23:00,深圳中海地产有限公司,101~300人,广东省,建筑|地产|家居,2023-04-10,2023
web前端开发实习生,166.67,3个月,"['参与', '产品', '需求', '研发', '设计', '相关', '讨论', '快速', '理解', '业务', '需求']",本科,10,2023-04-10 11:55:00,科通实业,51~100人,上海市,互联网|游戏|软件,2023-04-10,2023
产品助理实习生,166.67,3个月,"['协助', '项目经理', '完成', '整个', '项目', '过程', '工作', '开展']",本科,10,2023-04-04 12:38:00,科通实业,51~100人,上海市,互联网|游戏|软件,2023-04-04,2023
新媒体运营实习生,166.67,3个月,"['负责', '媒体', '官方', '微博', '微信', '视频', '号', '日常', '运营', '工作', '包括', '限于', '活动', '策划', '热点', '追踪', '用户', '互动', '传播', '资源', '整合', '增加', '粉丝', '数', '增强', '活跃度', '提高', '曝光率']",本科,10,2023-04-06 19:00:00,科通实业,51~100人,上海市,互联网|游戏|软件,2023-04-06,2023
人力资源实习生,110.0,长期,"['协助', '猎头', '顾问', '操作', '项目', '职位', '进行', '学习', '资料', '收集']",不限,3,2023-04-10 17:25:00,猎聘网,1001~3000人,广东省,互联网|游戏|软件,2023-04-10,2023
HR实习,135.0,3个月,"['DSS', '\xa0', 'Sustainable', '\xa0', 'Solutions', '\xa0', 'is', '\xa0', 'the', '\xa0', 'former', '\xa0', 'consulting', '\xa0', 'business', '\xa0', 'unit', '\xa0', 'of', '\xa0', 'DuPont', '\xa0', 'known', '\xa0', 'as', '\xa0', 'DuPont', '\xa0', 'Sustainable', '\xa0', 'Solutions', '\xa0', 'which', '\xa0', 'became', '\xa0', 'an', '\xa0', 'independent', '\xa0', 'consulting', '\xa0', 'firm', '\xa0', 'in', '\xa0', '2019', '\xa0', 'after', '\xa0', 'its', '\xa0', 'separation', '\xa0', 'from', '\xa0', 'DuPont', '\xa0']",本科,1,2023-04-10 09:27:00,DSS,51~100人,上海市,咨询/法律/人力资源,2023-04-10,2023
质量实习生,125.0,6个月,"['协助', 'EWS', '文档', '更新']",本科,1,2023-04-10 09:09:00,法雷奥佛山冷却,301~1000人,广东省,汽车|机械|制造,2023-04-10,2023
销售顾问实习生,133.33,3个月,"['福利待遇', '说明']",本科,10,2023-04-05 15:10:00,科通实业,51~100人,上海市,互联网|游戏|软件,2023-04-05,2023
测试实习生,166.67,3个月,"['参与', '公司', '项目', '开发', '各个环节', '全面', '了解', '产品', '功能']",本科,10,2023-04-05 15:10:00,科通实业,51~100人,上海市,互联网|游戏|软件,2023-04-05,2023
"Scheduler, Intern",135.0,3个月,"['DSS', '\xa0', 'Sustainable', '\xa0', 'Solutions', '\xa0', 'is', '\xa0', 'the', '\xa0', 'former', '\xa0', 'consulting', '\xa0', 'business', '\xa0', 'unit', '\xa0', 'of', '\xa0', 'DuPont', '\xa0', 'known', '\xa0', 'as', '\xa0', 'DuPont', '\xa0', 'Sustainable', '\xa0', 'Solutions', '\xa0', 'which', '\xa0', 'became', '\xa0', 'an', '\xa0', 'independent', '\xa0', 'consulting', '\xa0', 'firm', '\xa0', 'in', '\xa0', '2019', '\xa0', 'after', '\xa0', 'its', '\xa0', 'separation', '\xa0', 'from', '\xa0', 'DuPont', '\xa0']",本科,1,2023-04-10 09:27:00,DSS,51~100人,上海市,咨询/法律/人力资源,2023-04-10,2023
法务实习生,166.67,3个月,"['研究院', '业务', '提供', '法律', '支持', '法律', '风险', '进行', '评估', '提出', '改进', '方案']",本科,10,2023-04-10 11:55:00,科通实业,51~100人,上海市,互联网|游戏|软件,2023-04-10,2023
编导/短视频实习生,166.67,3个月,"['负责', '15', '秒', '60', '秒', '广告', '视频', '撰本', '撰写', '内容', '策划', '视频', '拍摄', '后期', '剪辑', '工作', '\xa0']",本科,10,2023-04-06 19:00:00,科通实业,51~100人,上海市,互联网|游戏|软件,2023-04-06,2023
猎头顾问助理实习生/招聘实习生,120.0,2个月,"['一位', '猎头', '顾问', '助理', '有意', '人力资源', '招聘', '方向', '发展', '童鞋', '赶紧', '投递', '简历']",本科,3,2023-04-10 17:25:00,猎聘网,1001~3000人,广东省,互联网|游戏|软件,2023-04-10,2023
财务助理实习生,166.67,3个月,"['财务', '数据录入']",本科,10,2023-04-10 11:55:00,科通实业,51~100人,上海市,互联网|游戏|软件,2023-04-10,2023
精益生产实习生,125.0,6个月,"['负责', '工厂', '标准', '工时', '测定', '工序', '重排', '方案', '制订']",本科,1,2023-04-10 09:03:00,法雷奥佛山冷却,301~1000人,广东省,汽车|机械|制造,2023-04-10,2023
人力资源实习生,116.67,3个月,"['协调', '办理', '员工', '入职', '转正', '离职', '调岗', '手续']",本科,1,2023-04-03 16:52:00,深圳金斧子,301~1000人,广东省,金融,2023-04-03,2023
品牌设计实习生,175.0,4个月,"['源码', '资本', '品牌设计', '实习生']",本科,1,2023-03-30 17:51:00,源码资本,11~50人,北京市,金融,2023-03-30,2023
软件测试实习生,185.0,5个月,"['参与', '需求', '评审', '理解', '项目', '需求', '细节', '提出', '评审', '缺陷']",本科,5,2023-03-30 17:39:00,华资软件,1001~3000人,广东省,互联网|游戏|软件,2023-03-30,2023
项目经理管培生,185.0,5个月,"['注意', '岗位', '最终', '培养', '方向', '软件', '项目经理', '岗位', '旨在', '培养', '同学', '能够', '培养', '周期', '独立', '负责', '事业部', '软件', '项目管理', '工作', '采用', '导师制', '导师', '具有', '百万', '级', '以上', '项目管理', '经验', '资深', '项目经理', '月度', '季度', '年度', '周期', '设置', '阶段', '目标', '工作', '内容', '轮岗', '逐步', '能力', '赋予', '一定', '挑战性', '工作']",本科,5,2023-03-30 17:36:00,华资软件,1001~3000人,广东省,互联网|游戏|软件,2023-03-30,2023
Finance Intern,130.0,3个月,"['Job', '\xa0', 'Describe']",本科,1,2023-03-30 16:39:00,SABIC,3001人及以上,上海市,能源|环保,2023-03-30,2023
HR实习生,130.0,3个月,"['协助', 'HR', '开展', '各项', '人力资源', '工作']",本科,1,2023-03-30 15:05:00,SABIC,3001人及以上,上海市,能源|环保,2023-03-30,2023
BO客服实习生,135.0,6个月,"['技术', '服务部', '订单', '处理', '包括', '发货', '跟踪', '订单', '整理', '维修', '寄售库', '处理']",本科,1,2023-03-30 11:48:00,费森尤斯医疗,1001~3000人,上海市,生物|医药,2023-03-30,2023
仓库办公室实习生,125.0,6个月,"['进出', '货物', '管控', '仓库', '日常', '管理']",大专,1,2023-03-30 11:26:00,博世,301~1000人,山东省,汽车|机械|制造,2023-03-30,2023
新媒体运营实习生,165.0,3个月,['岗位职责'],本科,1,2023-03-30 11:19:00,叽里呱啦,301~1000人,上海市,互联网|游戏|软件,2023-03-30,2023
Logistics Intern / 物流实习生,125.0,6个月,"['物流', '部门', '相关', '沟通', '支持', '工作']",本科,1,2023-03-30 11:18:00,博世,301~1000人,山东省,汽车|机械|制造,2023-03-30,2023
视频编辑实习生,150.0,6个月,"['上市', '凡科', '企业', '用户', '\xa0', '提供', '多元', '高效', '易用', '互联网', '工具', '帮助', '越来越', '企业', '有效', '降低', '运营', '成本', '凡科', '规模', '扩大', '期待', '新鲜血液', '加入']",大专,1,2023-04-04 09:32:00,凡科,301~1000人,广东省,互联网|游戏|软件,2023-04-04,2023
HR实习生,170.0,3个月,"['接受', '到场', '实习生', '坐标', '海淀区', '海淀', '桥']",本科,2,2023-04-04 10:32:00,创业大街,51~100人,北京市,咨询/法律/人力资源,2023-04-04,2023
投资实习生,200.0,3个月,"['协助', '部门', '撰写', '医药', '医疗', '行业', '分析', '报告', '\xa0']",硕士,2,2023-04-10 17:12:00,江西济民可信集团有限公司,3001人及以上,江西省,生物|医药,2023-04-10,2023
设计助理实习生,150.0,3个月,"['上市', '凡科', '企业', '用户', '提供', '多元', '高效', '易用', '互联网', '工具', '帮助', '越来越', '企业', '有效', '降低', '运营', '成本', '凡科', '规模', '扩大', '期待', '新鲜血液', '加入']",大专,2,2023-04-04 09:32:00,凡科,301~1000人,广东省,互联网|游戏|软件,2023-04-04,2023
HR实习生-招聘,175.0,4个月,"['了解', '业务', '需求', '招聘', '渠道', '寻访', '识别', '匹配', '人选', '\xa0', '\xa0', '\xa0', '\xa0', '\xa0', '\xa0', '\xa0', '\xa0', '\xa0', '\xa0', '\xa0', '\xa0', '\xa0', '\xa0', '\xa0', '\xa0', '\xa0', '\xa0', '\xa0', '\xa0', '\xa0', '\xa0', '\xa0', '\xa0', '\xa0', '\xa0', '\xa0', '\xa0', '\xa0', '\xa0', '\xa0', '\xa0', '\xa0', '\xa0', '\xa0', '\xa0', '\xa0', '\xa0', '\xa0', '\xa0', '\xa0', '\xa0', '\xa0', '\xa0', '\xa0', '\xa0', '\xa0', '\xa0', '\xa0', '\xa0', '\xa0', '\xa0', '\xa0', '\xa0', '\xa0', '\xa0', '\xa0', '\xa0', '\xa0', '\xa0', '\xa0', '\xa0', '\xa0', '\xa0', '\xa0', '\xa0', '\xa0', '\xa0', '\xa0', '\xa0', '\xa0', '\xa0', '\xa0', '\xa0', '\xa0', '\xa0', '\xa0', '\xa0', '\xa0', '\xa0', '\xa0', '\xa0', '\xa0', '\xa0', '\xa0', '\xa0', '\xa0', '\xa0', '\xa0', '\xa0', '\xa0', '\xa0', '协助', '招聘', '对接', '面试官', '候选人', '安排', '接待', '面试', '全程', '跟进', '面试', '流程']",本科,2,2023-04-06 19:56:00,快手,3001人及以上,北京市,互联网|游戏|软件,2023-04-06,2023
设计师实习生,190.0,3个月,"['上市', '凡科', '企业', '用户', '提供', '多元', '高效', '易用', '互联网', '工具', '帮助', '越来越', '企业', '有效', '降低', '运营', '成本', '凡科', '规模', '扩大', '期待', '新鲜血液', '加入']",大专,1,2023-04-07 09:32:00,凡科,301~1000人,广东省,互联网|游戏|软件,2023-04-07,2023
研究咨询实习生,170.0,3个月,"['辅助', '负责人', '做', '前沿', '趋势', '研究', '结合', '经济', '政策', '趋势', '热点', '行业', '洞察', '发现', '商业机会', '探索', '企业', '第二', '增长', '需求']",本科,5,2023-04-04 10:32:00,创业大街,51~100人,北京市,咨询/法律/人力资源,2023-04-04,2023
行业研究实习生,170.0,3个月,"['先进', '制造', '生物医药', '快速', '消费品', '相关', '细分', '领域', '数字化', '智能化', '研究', '产业链', '赋能', '研究']",本科,10,2023-04-04 10:32:00,创业大街,51~100人,北京市,咨询/法律/人力资源,2023-04-04,2023
市场调研实习生,125.0,3个月,"['\xa0', '参观', '各类', '贸易', '性', '展会', '\xa0']",本科,1,2023-04-10 10:21:00,光亚法兰克福,11~50人,广东省,广告|传媒|文化|体育,2023-04-10,2023
数据跟踪实习生,170.0,3个月,"['承担', '企业', '行业', '资料', '查找', '收集', '政策', '跟踪', '工作', '筛选', '信息', '提炼', '汇总', '能力']",本科,10,2023-04-04 10:33:00,创业大街,51~100人,北京市,咨询/法律/人力资源,2023-04-04,2023
HR实习生,175.0,4个月,"['了解', '业务', '需求', '招聘', '渠道', '寻访', '识别', '匹配', '人选', '\xa0', '\xa0', '\xa0', '\xa0', '\xa0', '\xa0', '\xa0', '\xa0', '\xa0', '\xa0', '\xa0', '\xa0', '\xa0', '\xa0', '\xa0', '\xa0', '\xa0', '\xa0', '\xa0', '\xa0', '\xa0', '\xa0', '\xa0', '\xa0', '\xa0', '\xa0', '\xa0', '\xa0', '\xa0', '\xa0', '\xa0', '\xa0', '\xa0', '\xa0', '\xa0', '\xa0', '\xa0', '\xa0', '\xa0', '\xa0', '\xa0', '\xa0', '\xa0', '\xa0', '\xa0', '\xa0', '\xa0', '\xa0', '\xa0', '\xa0', '\xa0', '\xa0', '\xa0', '\xa0', '\xa0', '\xa0', '\xa0', '\xa0', '\xa0', '\xa0', '\xa0', '\xa0', '\xa0', '\xa0', '\xa0', '\xa0', '\xa0', '\xa0', '\xa0', '\xa0', '\xa0', '\xa0', '\xa0', '\xa0', '\xa0', '\xa0', '\xa0', '\xa0', '\xa0', '\xa0', '\xa0', '\xa0', '\xa0', '\xa0', '\xa0', '\xa0', '\xa0', '\xa0', '\xa0', '\xa0', '\xa0', '\xa0', '协助', '招聘', '对接', '面试官', '候选人', '安排', '接待', '面试', '全程', '跟进', '面试', '流程']",本科,2,2023-04-06 19:56:00,快手,3001人及以上,北京市,互联网|游戏|软件,2023-04-06,2023
活动执行助理,170.0,3个月,"['协助', '策划', '开展', '各类', '活动', '执行', '细化', '工作', '流程', '有序', '推进', '工作', '安排']",本科,2,2023-04-04 10:32:00,创业大街,51~100人,北京市,咨询/法律/人力资源,2023-04-04,2023
法务实习生,60.0,3个月,"['职位', '描述']",本科,2,2023-04-07 09:59:00,人民网,1001~3000人,北京市,互联网|游戏|软件,2023-04-07,2023
电话回访实习生,150.0,3个月,"['上市', '凡科', '企业', '用户', '\xa0', '提供', '多元', '高效', '易用', '互联网', '工具', '帮助', '越来越', '企业', '有效', '降低', '运营', '成本', '凡科', '规模', '扩大', '期待', '新鲜血液', '加入']",大专,2,2023-04-07 09:32:00,凡科,301~1000人,广东省,互联网|游戏|软件,2023-04-07,2023
展会邀约实习生,135.0,3个月,"['负责', '联络', '行业', '机构', '跨界', '协会', '邀请', '进行', '买家', '组团', '合作', '招募', '专业', '观众', '团体']",大专,3,2023-04-10 14:08:00,光亚法兰克福,11~50人,广东省,广告|传媒|文化|体育,2023-04-10,2023
蔚来顾问助理,125.0,6个月,"['展厅', '接待', '潜在用户', '介绍', '车辆', '信息', '解答', '疑问']",大专,1,2023-03-30 10:31:00,NIO蔚来,3001人及以上,上海市,汽车|机械|制造,2023-03-30,2023
交付实习生,125.0,6个月,"['负责', '交付', '现场', '秩序', '维护', '物料', '准备']",大专,1,2023-03-30 10:31:00,NIO蔚来,3001人及以上,上海市,汽车|机械|制造,2023-03-30,2023
人力资源实习生,165.0,3个月,"['晶科', '科技', '601778', 'SH', '总部', '招聘', '人力资源', '实习生', '\xa0', '名']",本科,2,2023-03-30 09:57:00,晶科科技,1001~3000人,上海市,能源|环保,2023-03-30,2023
广东永旺超市门店短期/长期兼职,155.0,长期,"['广东', '永旺', '超市', '门店', '短期', '兼职']",不限,50,2023-04-03 16:37:00,善世服务,101~300人,广东省,咨询/法律/人力资源,2023-04-03,2023
人力资源管理实习生,135.0,3个月,"['\xa0', '协助', '完成', '培训', '人才', '发展', '落地', '工作', '培训', '项目', '物料', '准备', '活动', '安排', '相关', '图文', '制作', '工作']",本科,1,2023-03-30 09:21:00,美的集团,3001人及以上,广东省,汽车|机械|制造,2023-03-30,2023
展会地推,125.0,2个月,"['前往', '健身', '工作室', '健身房', '介绍', '展会', '信息', '邀约', '参会']",不限,2,2023-04-03 15:36:00,善世服务,101~300人,广东省,咨询/法律/人力资源,2023-04-03,2023
会展实习生,83.33,3个月,"['协助', '买家', '邀约', '工作', '组团', '电话', '邀请', '完成', '买家', '邀请', '目标']",本科,3,2023-04-03 15:22:00,善世服务,101~300人,广东省,咨询/法律/人力资源,2023-04-03,2023
会展实习生,83.33,3个月,"['买家', '电话', '邀约', '负责', '家居', '礼品', '展', '海外', '买家', '电话', '邮件', '邀请']",本科,2,2023-04-03 15:16:00,善世服务,101~300人,广东省,咨询/法律/人力资源,2023-04-03,2023
订单跟进助理实习生,175.0,3个月,"['对接', '采购', '人员', '确认', '订单', '预计', '交付', '日期', '反馈', '销售', '人员']",本科,1,2023-03-29 15:56:00,美的集团,3001人及以上,广东省,汽车|机械|制造,2023-03-29,2023
市场营销策划,135.0,3个月,"['协助', '团队', '策划', '组织', '各类', '研究', '项目', '赛事', '项目']",本科,1,2023-03-29 15:15:00,东方财富,3001人及以上,上海市,互联网|游戏|软件,2023-03-29,2023
市场运营实习生,100.0,3个月,"['工作', '职责']",本科,20,2023-03-30 10:38:00,高顿教育集团,1001~3000人,上海市,教育培训,2023-03-30,2023
文案策划实习生,100.0,3个月,"['工作', '职责']",本科,20,2023-03-30 10:38:00,高顿教育集团,1001~3000人,上海市,教育培训,2023-03-30,2023
用户增长运营实习生,100.0,3个月,"['工作', '职责']",本科,20,2023-03-30 10:38:00,高顿教育集团,1001~3000人,上海市,教育培训,2023-03-30,2023
战略客户总部实习生,135.0,3个月,"['工作', '内容']",本科,2,2023-03-29 11:13:00,云南信托,101~300人,上海市,金融,2023-03-29,2023
总裁办实习,140.0,3个月,"['参与', '公司', '流程', '管理', '跟进', '\xa0']",大专,1,2023-03-29 11:12:00,微创神通,301~1000人,上海市,生物|医药,2023-03-29,2023
人力资源实习生,165.0,3个月,"['了解', '公司', '招聘', '流程', '制度', '协助', '招聘', '团队', '进行', '简历', '筛选', '面试', '约访', '人才', '档案管理', '更新']",本科,1,2023-03-29 10:45:00,晶科电力,1001~3000人,上海市,能源|环保,2023-03-29,2023
广东永旺总部人力资源实习生,175.0,3个月,"['岗位', '描述']",大专,1,2023-03-29 09:57:00,广东永旺,3001人及以上,广东省,交通|物流|贸易,2023-03-29,2023
短视频编导实习生,110.0,3个月,"['负责', '公司', '抖音', '快手', '视频', '账号', '运营', '选题', '策划', '脚本', '创作', '视频', '发布', '拍', '剪', '工作']",本科,2,2023-03-29 09:55:00,中南博集天卷,101~300人,北京市,广告|传媒|文化|体育,2023-03-29,2023
控价实习生,110.0,6个月,"['协助', '负责', '公司', '畅销', '书籍', '售价', '管控', '工作', '能够', '书籍', '渠道商', '情况', '快速', '梳理', '复杂', '情况', '完成', '售价', '管控', '工作']",本科,3,2023-03-29 09:55:00,中南博集天卷,101~300人,北京市,广告|传媒|文化|体育,2023-03-29,2023
财务实习生,135.0,5个月,"['Ensure', '\xa0', 'timely', '\xa0', 'and', '\xa0', 'accurate', '\xa0', 'monthly', '\xa0', 'close', '\xa0', 'reporting', '\xa0', 'for', '\xa0', 'the', '\xa0', 'China', '\xa0', 'entity', '\xa0', 'to', '\xa0', 'meet', '\xa0', 'FP', '\xa0', 'reporting', '\xa0', 'timelines']",本科,1,2023-04-10 15:43:00,铁狮门,101~300人,上海市,建筑|地产|家居,2023-04-10,2023
金融工程编辑实习生,150.0,3个月,"['整理', '笔记', '核对', '答案', '解析']",硕士,100,2023-04-10 09:00:00,圣才电子书,101~300人,湖北省,互联网|游戏|软件,2023-04-10,2023
内容审核实习生,110.0,3个月,"['职位', '描述']",不限,15,2023-04-04 08:48:00,一览科技,101~300人,北京市,互联网|游戏|软件,2023-04-04,2023
内容运营实习生,110.0,3个月,['岗位职责'],不限,15,2023-04-04 08:46:00,一览科技,101~300人,北京市,互联网|游戏|软件,2023-04-04,2023
金融学编辑实习生,150.0,3个月,"['金融学', '专业', '考研', '考证', '相关', '笔记', '整理', '核对', '答案', '解析']",硕士,100,2023-04-10 09:00:00,圣才电子书,101~300人,湖北省,互联网|游戏|软件,2023-04-10,2023
统计学编辑实习生,150.0,3个月,"['统计学', '专业', '考研', '考证', '相关', '笔记', '整理', '核对', '答案', '解析']",硕士,100,2023-04-10 09:00:00,圣才电子书,101~300人,湖北省,互联网|游戏|软件,2023-04-10,2023
风险管理岗,102.5,3个月,"['协助', '投资', '组合', '风险', '管理工作', '投资', '组合', '市场', '风险', '流动性', '风险', '信用风险', '进行', '识别', '评估', '监控']",硕士,1,2023-03-28 17:54:00,东海基金,51~100人,上海市,金融,2023-03-28,2023
国际商务实习生,105.0,长期,"['协助', '部门', '进行', '签证', '相关', '事务']",大专,1,2023-03-29 13:39:00,Fesco广东,301~1000人,广东省,咨询/法律/人力资源,2023-03-29,2023
短视频编导实习生,125.0,6个月,"['务必', '附上', '视频', '作品', '链接', '在线', '链接', '优于', '网盘', '方便', '审阅']",本科,1,2023-03-28 16:53:00,领英中国,101~300人,北京市,互联网|游戏|软件,2023-03-28,2023
新媒体运营实习生,100.0,3个月,"['拥有', '200', '粉丝', '职场', '第一', '大号', 'LinkedIn', '选题', '策划', '文章', '排版', '头条', '文章', '撰写', '编译']",本科,1,2023-03-28 16:52:00,领英中国,101~300人,北京市,互联网|游戏|软件,2023-03-28,2023
美术实习生,99.5,3个月,"['部门', '负责人', '领导', '团队', '协调', '配合', '参与', '创意', '设计', '工作', '\xa0']",本科,1,2023-03-28 14:02:00,dentsu,1001~3000人,北京市,广告|传媒|文化|体育,2023-03-28,2023
"Omni-channel Intern, Sales",110.0,6个月,"['Primary', '\xa0', 'Duties']",本科,2,2023-03-28 10:15:00,柯锐世,1001~3000人,上海市,汽车|机械|制造,2023-03-28,2023
招聘实习生,135.0,2个月,"['职位', '需求', '协助', '开发', '拓展', '有效', '招聘', '渠道', '多角度', '多渠道', '寻找', '候选人', '协助', '进行', '面试', '流程']",本科,2,2023-04-10 10:03:00,仲望咨询,101~300人,上海市,咨询/法律/人力资源,2023-04-10,2023
猎头管培生,135.0,3个月,"['协助', '顾问', '调查', '研究', '相关', '行业', '市场', '客户', '信息', '学习', '相关', '行业', '知识']",本科,2,2023-04-10 10:03:00,仲望咨询,101~300人,上海市,咨询/法律/人力资源,2023-04-10,2023
销售实习生,135.0,3个月,"['了解', '教育', 'X', '行业', '市场动态', '协助', '团队', '制定', '客户', '市场策略', '销售', '计划']",本科,3,2023-03-27 21:05:00,51WORLD,301~1000人,北京市,互联网|游戏|软件,2023-03-27,2023
TB实习生,160.0,4个月,"['配合', '销售', '做', '销售', '拓展', '挖掘', '客户', '需求']",本科,5,2023-03-27 21:04:00,51WORLD,301~1000人,北京市,互联网|游戏|软件,2023-03-27,2023
市场营销实习生,83.33,6个月,"['年度计划', '协调', '组织', '事业部', '参加', '行业', '展会']",本科,1,2023-03-27 17:37:00,中海达,1001~3000人,广东省,IT|通信|电子,2023-03-27,2023
Customer Screening Intern,165.0,6个月,"['职位', '机会']",本科,1,2023-03-27 16:38:00,飞利浦,3001人及以上,上海市,生物|医药,2023-03-27,2023
GBS HS OA Intern,165.0,6个月,['岗位职责'],本科,1,2023-03-27 16:32:00,飞利浦,3001人及以上,上海市,生物|医药,2023-03-27,2023
上市公司 · 猎头实习生线下,150.0,3个月,"['协助', '专业', '顾问', '分析', '客户', '职位', '需求', '明确', '目标', '公司', '用人', '需求', '候选人', '职业', '发展', '诉求']",本科,10,2023-03-27 16:17:00,科锐国际,3001人及以上,北京市,咨询/法律/人力资源,2023-03-27,2023
上市公司 · 猎头实习生线下,150.0,3个月,"['协助', '专业', '顾问', '分析', '客户', '职位', '需求', '明确', '目标', '公司', '用人', '需求', '候选人', '职业', '发展', '诉求']",本科,10,2023-03-27 16:16:00,科锐国际,3001人及以上,北京市,咨询/法律/人力资源,2023-03-27,2023
上市公司 · 猎头实习生,150.0,3个月,"['协助', '专业', '顾问', '分析', '客户', '职位', '需求', '明确', '目标', '公司', '用人', '需求', '候选人', '职业', '发展', '诉求']",本科,10,2023-03-27 15:43:00,科锐国际,3001人及以上,北京市,咨询/法律/人力资源,2023-03-27,2023
世界500强 核保部实习生,125.0,6个月,"['核保', '产品部', '实习生']",本科,1,2023-04-10 13:16:00,安世联合,1001~3000人,北京市,金融,2023-04-10,2023
官网运营实习生,140.0,3个月,"['\xa0', '使用', 'Adobe', '系统对', '网站', '内容', '进行', '基础', '运维']",不限,2,2023-04-06 13:51:00,杰尔广告,1001~3000人,北京市,广告|传媒|文化|体育,2023-04-06,2023
罗德与施瓦茨公司6G无线通信研究员实习生招聘,166.67,6个月,"['罗德', '施瓦茨', '公司', '6G', '无线通信', '研究员', '实习生', '招聘']",硕士,1,2023-04-04 17:30:00,中智职业发展有限公司,301~1000人,北京市,咨询/法律/人力资源,2023-04-04,2023
设计实习生,140.0,3个月,"['Art', '相关', '工作', '参与', '创意', '发想']",本科,1,2023-04-10 09:35:00,杰尔广告,1001~3000人,北京市,广告|传媒|文化|体育,2023-04-10,2023
实习生-销售团队,125.0,3个月,"['上海', '分公司', '职位']",本科,1,2023-04-10 10:32:00,安世联合,1001~3000人,北京市,金融,2023-04-10,2023
中盈保险资料审核实习生,145.0,2个月,"['中盈', '简介']",大专,2,2023-04-07 16:30:00,中智职业发展有限公司,301~1000人,北京市,咨询/法律/人力资源,2023-04-07,2023
投资实习生,105.0,3个月,"['\xa0', '协助', '投资', '经理', '开展', '市场', '行业', '研究', '参与', '独立', '负责', '行业', '信息', '梳理', '市场', '数据', '整理', '专家', '访谈', '行业', '报告', '撰写', '工作']",本科,1,2023-04-10 17:18:00,华侨银行股权投资部门,11~50人,上海市,金融,2023-04-10,2023
软件测试实习生,150.0,6个月,"['负责', 'bip', '产品', '接口', '工作', '产品', '业务', '测试']",本科,1,2023-04-07 14:49:00,用友网络,3001人及以上,北京市,互联网|游戏|软件,2023-04-07,2023
罗德与施瓦茨公司通信人工智能研究员实习生招聘,166.67,6个月,"['罗德', '施瓦茨', '公司', '通信', '人工智能', '研究员', '实习生', '招聘']",硕士,1,2023-04-04 17:30:00,中智职业发展有限公司,301~1000人,北京市,咨询/法律/人力资源,2023-04-04,2023
保险运营实习生,125.0,6个月,"['\xa0', '\xa0', '\xa0', 'Assist', '\xa0', 'to', '\xa0', 'handle', '\xa0', 'policy', '\xa0', 'admin', '\xa0', 'including', '\xa0', 'issue', '\xa0', 'policy', '\xa0', 'policy', '\xa0', 'cancellation']",本科,4,2023-04-03 11:19:00,安世联合,1001~3000人,北京市,金融,2023-04-03,2023
HR Intern,125.0,6个月,"['世界', '500', '强', '外企', '\xa0', '人力资源部', '实习生']",本科,1,2023-04-03 11:19:00,安世联合,1001~3000人,北京市,金融,2023-04-03,2023
新媒体运营实习生,150.0,3个月,"['媒体', '平台', '日常', '管理', '运营', '完成', '内容', '策划', '传播', '完善', '媒体', '矩阵', '\xa0']",本科,1,2023-03-25 12:55:00,用友股份,3001人及以上,北京市,IT|通信|电子,2023-03-25,2023
设计实习生,150.0,3个月,"['结合', '产品', '宣传', '设计', '各类', '海报', 'PPT', '视频']",本科,1,2023-03-25 12:55:00,用友股份,3001人及以上,北京市,IT|通信|电子,2023-03-25,2023
人力资源实习生,100.0,3个月,"['拓展', '招聘', '渠道', '发布', '职位', '更新', '招聘', '信息', '\xa0']",本科,1,2023-03-29 16:06:00,金蝶账无忧,101~300人,广东省,互联网|游戏|软件,2023-03-29,2023
监理实习生-青岛,86.5,6个月,"['负责', '现场', '监理', '项目管理', '工作']",大专,10,2023-04-06 16:00:00,同济咨询,301~1000人,上海市,咨询/法律/人力资源,2023-04-06,2023
项目实习生,150.0,3个月,"['协助', '公司', '项目', '信息', '收集', '投标', '准备', '\xa0']",本科,2,2023-04-10 17:47:00,刺猬 CIWEI,51~100人,广东省,互联网|游戏|软件,2023-04-10,2023
广告运营实习生,175.0,3个月,"['职责', '描述']",本科,1,2023-04-07 11:22:00,手回集团,301~1000人,广东省,互联网|游戏|软件,2023-04-07,2023
年报审计实习生,110.0,2个月,"['工作', '内容', '年报', '审计']",本科,3,2023-04-10 09:56:00,国富所,301~1000人,北京市,咨询/法律/人力资源,2023-04-10,2023
内勤实习生,125.0,3个月,"['职责', '描述']",本科,1,2023-04-07 11:28:00,手回集团,301~1000人,广东省,互联网|游戏|软件,2023-04-07,2023
拍摄剪辑实习生,140.0,2个月,"['要求', '独立', '完成', '抖', '音视频', '拍摄', '制作', '剪辑', '特效']",大专,5,2023-04-04 15:18:00,凯儿得乐,101~300人,广东省,快速消费品,2023-04-04,2023
新媒体运营,116.67,3个月,"['进行', '内容', '创作', '编辑', '媒体', '矩阵', '定位', '发布', '运营', '相关', '内容', '定期', '进行', '渠道', '研究', '用户', '分析']",本科,4,2023-04-06 10:43:00,刺猬 CIWEI,51~100人,广东省,互联网|游戏|软件,2023-04-06,2023
小红书运营实习生,116.67,3个月,"['负责', '小红书', '内容', '运营', '制作', '具有', '传播', '视频', '图文', '内容', '发布', '更新', '回复', '互动', '\xa0']",本科,2,2023-04-06 10:43:00,刺猬 CIWEI,51~100人,广东省,互联网|游戏|软件,2023-04-06,2023
人力实习生,160.0,3个月,"['筛选', '简历', '安排', '面试', '面试', '接待']",本科,1,2023-04-10 11:25:00,兔展,301~1000人,广东省,互联网|游戏|软件,2023-04-10,2023
售后助理实习,175.0,3个月,"['话费', '补贴', '300', '实报实销', '本科', '150', '硕士', '学历', '200']",本科,1,2023-03-29 13:23:00,上海中智,3001人及以上,上海市,咨询/法律/人力资源,2023-03-29,2023
项目执行合伙人,113.0,长期,"['合理安排', '校园', '招聘', '项目前期', '宣传', '任务', '进行', '监控', '跟进', '处理']",本科,6,2023-03-29 11:47:00,前程无忧,1001~3000人,广东省,互联网|游戏|软件,2023-03-29,2023
人力资源实习生,125.0,3个月,"['\xa0', '负责', 'IT', '行业', '相关', '职位', '招聘']",本科,5,2023-03-29 11:47:00,万宝盛华,101~300人,广东省,互联网|游戏|软件,2023-03-29,2023
项目执行合伙人,113.0,长期,"['负责', '校园', '招聘', '项目', '校园内', '推广', '工作', '跟进', '包括', '限于', '线下', '物料', '宣传', '网络', '推广', '校园', '大使', '执行', '情况', '跟进']",本科,6,2023-03-29 11:43:00,前程无忧,1001~3000人,广东省,互联网|游戏|软件,2023-03-29,2023
市场渠道合伙人,113.0,长期,"['学生', '团队', '管理', '团队', '人员', '招募', '培训', '运营', '维护', '高校', 'kol', '媒体', '渠道', '开发', '小红书', '抖音', '视频', '号']",本科,6,2023-03-29 11:38:00,前程无忧,1001~3000人,广东省,互联网|游戏|软件,2023-03-29,2023
校园渠道合伙人,113.0,长期,"['日常', '校园', '渠道', '任务', '领取', '执行']",本科,6,2023-03-29 11:33:00,前程无忧,1001~3000人,广东省,互联网|游戏|软件,2023-03-29,2023
校园执行合伙人,113.0,1个月,"['日常', '宣传', '任务', '领取', '执行']",本科,6,2023-03-29 09:47:00,前程无忧,1001~3000人,广东省,互联网|游戏|软件,2023-03-29,2023
会务助理,190.0,2个月,"['协助', '完成', '展前', '展期', '商务', '板块', '各项', '工作', '包括', '志愿者', '管理', '餐饮', '交通', '大会', '出入口', '管理']",大专,2,2023-03-31 16:49:00,深圳时尚家居设计周,101~300人,广东省,广告|传媒|文化|体育,2023-03-31,2023
广州粤语资源工程师助理,200.0,3个月,"['\xa0', '协助', '工程师', '开展', '人工智能', '语音', '合成', '研发', '工作', '提供', '语音', '语法', '语义', '规则', '总结', '优化']",本科,2,2023-03-24 16:29:00,上海科大讯飞,301~1000人,上海市,互联网|游戏|软件,2023-03-24,2023
薪资实习生,125.0,3个月,"['协助', '处理', '员工', '每月', '薪资', '核算', '完成', '上级', '交办', '工作', '\xa0']",本科,20,2023-03-24 13:36:00,科锐国际,3001人及以上,北京市,咨询/法律/人力资源,2023-03-24,2023
销售实习生,165.0,6个月,"['基础', '实习', '一对一', '导师', '暑期', '实习', '转正', '实习']",大专,50,2023-03-31 07:59:00,科锐国际,3001人及以上,上海市,咨询/法律/人力资源,2023-03-31,2023
财务实习生,155.0,3个月,"['支持', '公司', '结算', '系统', '日常', '操作', '管理', '\xa0']",本科,2,2023-04-06 18:52:00,科锐国际,1001~3000人,四川省,咨询/法律/人力资源,2023-04-06,2023
财务实习生,125.0,3个月,"['\xa0', '了解', '财务', '相关', '工作', '内容', '协调', '处理', '银行', '税务', '部门', '工作', '关系']",大专,2,2023-04-07 06:36:00,润普网络,101~300人,广东省,互联网|游戏|软件,2023-04-07,2023
猎头顾问实习生,150.0,3个月,"['\xa0', '协助', '专业', '顾问', '分析', '客户', '职位', '需求', '明确', '目标', '公司', '用人', '需求', '候选人', '职业', '发展', '诉求']",本科,3,2023-04-07 08:41:00,科锐国际,1001~3000人,四川省,互联网|游戏|软件,2023-04-07,2023
招聘助理实习生,150.0,2个月,"['\xa0', '协助', '专业', '顾问', '分析', '客户', '职位', '需求', '明确', '目标', '公司', '用人', '需求', '候选人', '职业', '发展', '诉求']",本科,3,2023-04-10 14:11:00,科锐国际,1001~3000人,四川省,互联网|游戏|软件,2023-04-10,2023
猎头实习生,175.0,3个月,"['客户', '所在', '行业', '客户', '需求', '目标', '职位', '分析', '拟定', '一套', '完善', '用人', '寻访', '目标', '公司', '候选人', '寻访', '方案']",本科,5,2023-04-10 14:30:00,英特利普,51~100人,广东省,IT|通信|电子,2023-04-10,2023
投资实习生,105.0,3个月,"['协助', '团队', '进行', '物流', '供应链', '相关', '行业', '信息', '搜寻', '整理']",本科,3,2023-04-10 16:27:00,远海物流基金,10人以内,上海市,金融,2023-04-10,2023
前台行政实习生,125.0,3个月,"['负责', '公司', '前台', '接待', '访客', '及时', '准确', '通知', '被访', '人员']",大专,1,2023-04-09 06:42:00,润普网络,101~300人,广东省,互联网|游戏|软件,2023-04-09,2023
CEO助理,135.0,3个月,"['CEO', '日常', '行程', '协调', '安排', '\xa0']",本科,1,2023-04-07 17:28:00,智领国际,11~50人,广东省,咨询/法律/人力资源,2023-04-07,2023
会计实习生,100.0,长期,"['工作', '内容']",大专,30,2023-04-06 10:57:00,顶呱呱集团,3001人及以上,广东省,咨询/法律/人力资源,2023-04-06,2023
人事实习生,150.5,3个月,"['负责', '员工', '入', '离职', '流程', '手续', '办理']",本科,1,2023-04-04 11:52:00,科翼传播,101~300人,上海市,广告|传媒|文化|体育,2023-04-04,2023
研究员,90.0,3个月,"['行业', '研究', '数据', '研究', '量化', '研究', '基金', '研究']",本科,3,2023-04-10 15:23:00,锆石私募,10人以内,浙江省,金融,2023-04-10,2023
猎头顾问实习生,150.0,3个月,"['目标', '职位', '做', '分析', '制定', '目标', '候选人', '寻访', '方案']",本科,20,2023-04-10 09:53:00,科锐国际,1001~3000人,四川省,互联网|游戏|软件,2023-04-10,2023
猎头实习生,150.0,3个月,"['协助', '专业', '顾问', '分析', '客户', '职位', '需求', '明确', '目标', '公司', '用人', '需求', '候选人', '职业', '发展', '诉求']",本科,30,2023-04-10 10:24:00,科锐国际,1001~3000人,陕西省,咨询/法律/人力资源,2023-04-10,2023
HR实习生,150.0,3个月,"['负责', '公司', '业务', '团队', '维护', '拓展', '公司', '招聘', '渠道', '更新', '招聘', '信息']",本科,30,2023-04-10 10:24:00,科锐国际,1001~3000人,陕西省,咨询/法律/人力资源,2023-04-10,2023
猎头顾问实习生,150.0,3个月,"['协助', '专业', '顾问', '分析', '客户', '职位', '需求', '明确', '目标', '公司', '用人', '需求', '候选人', '职业', '发展', '诉求']",本科,30,2023-04-10 09:53:00,科锐国际,1001~3000人,四川省,互联网|游戏|软件,2023-04-10,2023
猎头顾问实习生,150.0,2个月,"['\xa0', '协助', '专业', '顾问', '分析', '客户', '职位', '需求', '明确', '目标', '公司', '用人', '需求', '候选人', '职业', '发展', '诉求']",本科,3,2023-04-10 14:12:00,科锐国际,1001~3000人,四川省,互联网|游戏|软件,2023-04-10,2023
微信编辑,100.0,6个月,"['负责', '微信', '头部', '科技', '大号', '文章', '撰写']",大专,2,2023-04-04 15:44:00,锋潮网络,11~50人,广东省,互联网|游戏|软件,2023-04-04,2023
实习媒介执行,105.0,5个月,"['建立', '广告', '排期', '定期', '更新', '完善', '媒介', '信息库', '负责', '项目', '执行', '进度', '维稳']",大专,2,2023-04-04 15:44:00,锋潮网络,11~50人,广东省,互联网|游戏|软件,2023-04-04,2023
人事实习生,125.0,3个月,"['\xa0', '结合', '公司', '战略', '发展', '需求', '制定', '人力资源', '发展', '规划', '合理', '调配', '公司', '人力资源']",大专,2,2023-04-08 07:10:00,润普网络,101~300人,广东省,互联网|游戏|软件,2023-04-08,2023
人力资源实习生,150.0,3个月,"['\xa0', '协助', '专业', '顾问', '分析', '客户', '职位', '需求', '明确', '目标', '公司', '用人', '需求', '候选人', '职业', '发展', '诉求']",本科,3,2023-04-10 16:35:00,科锐国际,1001~3000人,四川省,互联网|游戏|软件,2023-04-10,2023
出口清关专员,175.0,3个月,"['工作', '职责']",本科,5,2023-04-10 16:42:00,虹科电子,51~100人,广东省,IT|通信|电子,2023-04-10,2023
产品工程师实习生,175.0,3个月,"['\xa0', '负责', '国内外', '产品', '市场行情', '调研', '分析', '分析', '开发', '针对性', '产品', '现有', '产品', '优化']",本科,5,2023-04-10 16:45:00,虹科电子,51~100人,广东省,IT|通信|电子,2023-04-10,2023
猎头招聘助理实习生,135.0,3个月,"['协助', '猎头', '顾问', '专业', '方式', '进行', '人选', '搜寻']",本科,3,2023-04-07 17:28:00,智领国际,11~50人,广东省,咨询/法律/人力资源,2023-04-07,2023
财务实习生,115.0,3个月,"['地产', '行业', 'TOP10', '上市公司', '财务', '实习', '岗位']",本科,2,2023-04-06 18:52:00,科锐国际,1001~3000人,四川省,咨询/法律/人力资源,2023-04-06,2023
行政实习生,120.0,3个月,"['来访', '客户', '接待', '会议', '服务']",本科,2,2023-04-03 18:09:00,赛迪软测,101~300人,北京市,互联网|游戏|软件,2023-04-03,2023
股权投行承做实习生,110.0,2个月,"['协助', '项目组', '人员', '负责', '股权', '业务', '项目', '承', '做', '参与', '项目', '尽职', '调查', '方案设计', '工作', '底稿', '申报材料', '制作', '项目', '报批', '项目', '发行', '全过程', '运作']",硕士,2,2023-03-24 11:03:00,天风证券,301~1000人,湖北省,金融,2023-03-24,2023
人力实习生,120.0,3个月,"['协助', '处理', '公司', '人力资源', '相关', '文件', '档案', '收录', '整理']",本科,2,2023-04-03 17:31:00,赛迪软测,101~300人,北京市,互联网|游戏|软件,2023-04-03,2023
公关实习生,80.5,3个月,"['大快', '背景', '轮岗', '客户', '感受', '外企', '国企', '背景', '客户', '需求', '专业', '公关', '应该', '提供', '何种', '应对', '需求']",本科,2,2023-04-03 11:17:00,环智传媒,51~100人,广东省,广告|传媒|文化|体育,2023-04-03,2023
人力实习生-员工关系方向,200.0,长期,"['工作', '内容']",本科,2,2023-03-28 11:05:00,万宝盛华,101~300人,广东省,互联网|游戏|软件,2023-03-28,2023
项目监管实习生,150.0,6个月,"['上市', '凡科', '企业', '用户', '提供', '多元', '高效', '易用', '互联网', '工具', '帮助', '越来越', '企业', '有效', '降低', '运营', '成本', '凡科', '规模', '扩大', '期待', '新鲜血液', '加入']",大专,2,2023-03-28 10:25:00,凡科,301~1000人,广东省,互联网|游戏|软件,2023-03-28,2023
视频剪辑实习生,125.0,3个月,"['负责', '课程', '视频', '错误', '剪辑', '配', '字幕', '逐字', '稿']",本科,1,2023-03-27 11:35:00,信公咨询,101~300人,上海市,咨询/法律/人力资源,2023-03-27,2023
质量实习生,125.0,4个月,['岗位职责'],本科,3,2023-03-27 09:27:00,法雷奥佛山冷却,301~1000人,广东省,汽车|机械|制造,2023-03-27,2023
招聘实习生,110.0,3个月,"['负责', '招聘', '计划', '实施', '维护', '招聘', '渠道', '业务部门', '协调']",本科,20,2023-03-23 19:20:00,聚鑫通,301~1000人,辽宁省,咨询/法律/人力资源,2023-03-23,2023
算法实习生,200.0,4个月,"['自动', '驾驶', '算法', '对接', '相关', '工作']",本科,2,2023-03-23 16:55:00,51WORLD,301~1000人,北京市,互联网|游戏|软件,2023-03-23,2023
web开发工程师,175.0,4个月,"['\xa0', '车辆', '自动', '驾驶', '仿真', '平台', 'Web', '功能设计', '开发', '实现']",本科,2,2023-03-23 16:49:00,51WORLD,301~1000人,北京市,互联网|游戏|软件,2023-03-23,2023
日语合同管理实习生,165.0,6个月,"['岗位', '机会']",本科,1,2023-03-23 16:33:00,飞利浦,3001人及以上,上海市,生物|医药,2023-03-23,2023
TB实习生,160.0,4个月,"['配合', '销售', '做', '销售', '拓展', '挖掘', '客户', '需求']",本科,5,2023-03-23 16:32:00,51WORLD,301~1000人,北京市,互联网|游戏|软件,2023-03-23,2023
TB实习生,160.0,4个月,"['配合', '销售', '做', '销售', '拓展', '挖掘', '客户', '需求']",本科,2,2023-03-23 16:30:00,51WORLD,301~1000人,北京市,互联网|游戏|软件,2023-03-23,2023
TB实习生,160.0,4个月,"['配合', '销售', '做', '销售', '拓展', '挖掘', '客户', '需求']",本科,2,2023-03-23 16:25:00,51WORLD,301~1000人,北京市,互联网|游戏|软件,2023-03-23,2023
TB实习生,160.0,6个月,"['配合', '销售', '做', '销售', '拓展', '挖掘', '客户', '需求']",本科,2,2023-03-23 16:18:00,51WORLD,301~1000人,北京市,互联网|游戏|软件,2023-03-23,2023
财务实习,100.0,3个月,"['2023', '2024', '应届', '毕业生', '本科', '以上', '财务', '会计', '专业']",本科,1,2023-03-23 14:26:00,英可瑞,301~1000人,广东省,IT|通信|电子,2023-03-23,2023
人力资源岗,116.67,3个月,"['执行', '日常', '招聘', '工作', '包括', '简历', '筛选', '面试', '安排']",本科,1,2023-03-23 14:10:00,安全研究院,301~1000人,广东省,政府/非盈利机构/其他,2023-03-23,2023
招聘实习生 ,125.0,3个月,"['利用', '招聘', '渠道', '发布', '招聘广告', '寻求', '符合', '公司', '标准', '业务', '发展', '人才']",本科,20,2023-03-23 14:06:00,科锐国际,3001人及以上,北京市,咨询/法律/人力资源,2023-03-23,2023
平面设计实习生,125.0,3个月,"['\xa0', '协助', '市场', '运营', '培训', '团队', '进行', '各类', '海报设计']",本科,20,2023-03-23 14:01:00,科锐国际,3001人及以上,北京市,咨询/法律/人力资源,2023-03-23,2023
社保实习生,125.0,3个月,"['整理', '城市', '社保', '公积金', '政策']",本科,20,2023-03-23 14:00:00,科锐国际,3001人及以上,北京市,咨询/法律/人力资源,2023-03-23,2023
报销实习生,125.0,3个月,"['协助', '组内', '人员', '完成', '数据录入']",本科,20,2023-03-23 13:56:00,科锐国际,3001人及以上,北京市,咨询/法律/人力资源,2023-03-23,2023
人力资源品牌实习生,135.0,长期,"['Support', '\xa0', 'Employer', '\xa0', 'Branding', '\xa0', 'project', '\xa0', 'execution', '\xa0', 'g', '\xa0', 'internal', '\xa0', 'process', '\xa0', 'follow', '\xa0', 'up', '\xa0', 'branding', '\xa0', 'innovation', '\xa0', 'implementation']",本科,1,2023-03-23 12:42:00,费森尤斯医疗,1001~3000人,上海市,生物|医药,2023-03-23,2023
Brand & Market Management,175.0,3个月,"['We', '\xa0', 'are', '\xa0', 'looking', '\xa0', 'for', '\xa0', 'an', '\xa0', 'enthusiastic', '\xa0', 'intern', '\xa0', 'to', '\xa0', 'join', '\xa0', 'the', '\xa0', 'marketing', '\xa0', 'team', '\xa0', 'to', '\xa0', 'help', '\xa0', 'achieve', '\xa0', 'our', '\xa0', 'goals', '\xa0', 'The', '\xa0', 'intern', '\xa0', 'is', '\xa0', 'responsible', '\xa0', 'for', '\xa0', 'supporting', '\xa0', '\xa0', 'key', '\xa0', 'areas', '\xa0', 'of', '\xa0', 'work', '\xa0', 'marketing', '\xa0', 'expense', '\xa0', 'reimbursement', '\xa0', 'data', '\xa0', 'processing', '\xa0', 'and', '\xa0', 'business', '\xa0', 'intelligence', '\xa0', 'and', '\xa0', 'event', '\xa0', 'organization']",本科,1,2023-03-23 11:09:00,美的集团,3001人及以上,广东省,汽车|机械|制造,2023-03-23,2023
项目经理助理实习生,85.0,6个月,"['负责', '项目', '行政', '管理', '员工', '报销', '员工', '工时', '考勤', '员工', '宿舍', '快件', '传真', '收发', '部门', '行政', '相关', '工作']",本科,1,2023-03-23 10:18:00,亚信科技,3001人及以上,北京市,IT|通信|电子,2023-03-23,2023
互联网产品实习生,85.0,6个月,"['参与', '项目前期', '需求', '调研', '分析', '归类', '攒', '写', '需求', '文档', 'PRD', '完成', '产品', '原型', '设计']",本科,2,2023-03-23 10:17:00,亚信科技,3001人及以上,北京市,IT|通信|电子,2023-03-23,2023
行政专员/助理,83.33,6个月,"['负责', '项目', '行政', '管理', '员工', '报销', '员工', '工时', '考勤', '员工', '宿舍', '快件', '传真', '收发', '部门', '行政', '相关', '工作']",本科,1,2023-03-23 10:17:00,亚信科技,3001人及以上,北京市,IT|通信|电子,2023-03-23,2023
人事实习生,130.0,3个月,"['发布', '招聘', '信息', '维护', '各种渠道', '筛选', '候选人', '简历']",本科,2,2023-03-27 15:20:00,万宝盛华,101~300人,广东省,互联网|游戏|软件,2023-03-27,2023
市场部实习生,140.0,2个月,"['负责', '展会', '宣传', '素材', '准备', '包括', '图片', '制作', '视频剪辑']",本科,1,2023-03-27 15:17:00,光亚法兰克福,11~50人,广东省,广告|传媒|文化|体育,2023-03-27,2023
仓库货物整理兼职,125.0,4个月,"['工作', '内容', '整理', '仓库', '货物', '货物', '打包', '发货', '大件', '货']",不限,1,2023-03-27 10:04:00,善世服务,101~300人,广东省,咨询/法律/人力资源,2023-03-27,2023
剪辑实习生,135.0,3个月,"['使用', 'Adobe', '\xa0', 'Premiere', 'Final', '\xa0', 'Cut', '\xa0', 'Pro', '进行', '后期', '编辑']",本科,1,2023-03-28 19:43:00,虎嗅网,101~300人,北京市,广告|传媒|文化|体育,2023-03-28,2023
销售助理,183.33,长期,"['电话', '微信', '沟通', '方式', '客户', '建立联系', '提供', '专业', '选择', '建议']",本科,20,2023-03-23 14:48:00,学旅家,101~300人,上海市,互联网|游戏|软件,2023-03-23,2023
医学内容运营实习生,175.0,3个月,"['职位', '介绍']",硕士,1,2023-03-22 13:51:00,阿斯利康,3001人及以上,上海市,生物|医药,2023-03-22,2023
市场实习生,133.33,6个月,"['岗位', '内容']",大专,2,2023-03-23 09:16:00,深圳宝创,1001~3000人,广东省,汽车|机械|制造,2023-03-23,2023
财务实习生,133.33,6个月,['岗位职责'],大专,2,2023-03-23 09:13:00,深圳宝创,1001~3000人,广东省,汽车|机械|制造,2023-03-23,2023
合同助理,165.0,2个月,"['工作', '职责']",大专,1,2023-03-22 10:37:00,E+H,301~1000人,上海市,汽车|机械|制造,2023-03-22,2023
薪酬福利实习生,132.0,3个月,"['协助', '各类', '员工福利', '项目', '活动', '材料', '设计', '执行', '包括', '弹性', '福利', '认可', '激励', '储蓄', '计划']",本科,1,2023-03-22 10:16:00,费森尤斯医疗,1001~3000人,上海市,生物|医药,2023-03-22,2023
用户运营实习生,175.0,3个月,"['参与', '以下', '工作']",本科,1,2023-03-31 18:39:00,手回集团,301~1000人,广东省,互联网|游戏|软件,2023-03-31,2023
设计实习生,175.0,3个月,"['职责', '描述']",本科,1,2023-03-31 18:37:00,手回集团,301~1000人,广东省,互联网|游戏|软件,2023-03-31,2023
医学部实习生,125.0,3个月,"['\xa0', '制作', '内容', 'ppt', '\xa0']",本科,1,2023-03-21 17:15:00,益普生,3001人及以上,北京市,生物|医药,2023-03-21,2023
企业文化内容运营,210.0,3个月,"['\xa0', '理解', '业务', '文化', '运用', '媒体', '内容', '传播', '文章', '长图', '视频', '用户', '喜闻乐见', '内容', '形式', '面向', '员工', '传递', '公司', '文化']",本科,1,2023-03-21 16:25:00,美团,1001~3000人,北京市,互联网|游戏|软件,2023-03-21,2023
企业文化数据运营,210.0,3个月,"['\xa0', '支持', '员工', '沟通', '渠道', '员工', '沟通', '项目', '数据', '整理', '分析', '洞察', '用户', '行为', '发现', '问题', '提出', '改进', '建议']",本科,1,2023-03-21 16:25:00,美团,1001~3000人,北京市,互联网|游戏|软件,2023-03-21,2023
短视频运营编导实习生,135.0,3个月,"['制作', '适合', '小红书', '抖音', '社交', '平台', '脚本', '拍摄', '大纲']",本科,1,2023-03-21 14:57:00,爱点击,1001~3000人,上海市,互联网|游戏|软件,2023-03-21,2023
金融实习生,166.67,长期,"['负责', '公司', '财经新闻', '更新', '早盘', '点评', '收盘', '点评', '内容', '推送']",本科,17,2023-03-22 11:19:00,经传多赢,1001~3000人,广东省,金融,2023-03-22,2023
剪辑实习生,150.0,3个月,['岗位职责'],本科,1,2023-03-21 14:09:00,百姓网,301~1000人,上海市,互联网|游戏|软件,2023-03-21,2023
线上实习生,150.0,3个月,"['利用', '招聘', '渠道', '发布', '招聘广告', '寻求', '符合', '公司', '标准', '业务', '发展', '人才']",本科,40,2023-03-28 10:17:00,科锐国际,3001人及以上,上海市,咨询/法律/人力资源,2023-03-28,2023
线上实习生,150.0,3个月,"['负责', '提供', '活动', '策划', '规划', '组织', '学生', '开展', '各类', '活动', '比赛', '宣传', '扩大', '目标', '高校', '雇主', '品牌', '影响力']",本科,40,2023-03-28 10:11:00,科锐国际,3001人及以上,上海市,咨询/法律/人力资源,2023-03-28,2023
法务实习生,110.0,6个月,"['负责', '部门', '文书', '行政', '工作', '合同', '校对', '打印', '盖章', '案例', '编写']",本科,1,2023-03-22 09:06:00,Fesco广东,301~1000人,广东省,咨询/法律/人力资源,2023-03-22,2023
视频剪辑实习生,200.0,4个月,"['工作', '职责']",本科,1,2023-03-21 10:37:00,百姓网,301~1000人,上海市,互联网|游戏|软件,2023-03-21,2023
市场部实习生,135.0,2个月,"['职位', '描述']",本科,2,2023-03-27 10:28:00,虎嗅网,101~300人,北京市,广告|传媒|文化|体育,2023-03-27,2023
市场实习生,175.0,3个月,"['职责', '描述']",大专,1,2023-03-30 14:41:00,手回集团,301~1000人,广东省,互联网|游戏|软件,2023-03-30,2023
用户运营实习生,175.0,3个月,"['职责', '描述']",本科,1,2023-03-30 14:36:00,手回集团,301~1000人,广东省,互联网|游戏|软件,2023-03-30,2023
招聘助理实习生,150.0,3个月,"['\xa0', '协助', '专业', '顾问', '分析', '客户', '职位', '需求', '明确', '目标', '公司', '用人', '需求', '候选人', '职业', '发展', '诉求']",本科,3,2023-03-31 11:10:00,科锐国际,1001~3000人,四川省,互联网|游戏|软件,2023-03-31,2023
商务运营实习生,175.0,3个月,"['职责', '描述']",本科,1,2023-03-30 14:34:00,手回集团,301~1000人,广东省,互联网|游戏|软件,2023-03-30,2023
平面设计实习生 Design Intern,125.0,3个月,"['\xa0', 'Assist', '\xa0', 'in', '\xa0', 'the', '\xa0', 'basic', '\xa0', 'design', '\xa0', 'work', '\xa0', 'of', '\xa0', 'the', '\xa0', 'company', 's', '\xa0', 'social', '\xa0', 'medias', '\xa0', 'such', '\xa0', 'as', '\xa0', 'photo', '\xa0', 'processing', '\xa0', 'copywriting', '\xa0', 'composing', '\xa0', 'and', '\xa0', 'poster', '\xa0', 'design']",本科,1,2023-04-06 08:51:00,德利康,11~50人,广东省,生物|医药,2023-04-06,2023
德语翻译实习生,125.0,3个月,"['\xa0', 'Assist', '\xa0', 'the', '\xa0', 'team', '\xa0', 'to', '\xa0', 'do', '\xa0', 'the', '\xa0', 'company', '\xa0', 'documents', '\xa0', 'translation']",本科,1,2023-04-06 08:51:00,德利康,11~50人,广东省,生物|医药,2023-04-06,2023
新媒体运营实习生,125.0,3个月,"['\xa0', 'Assist', '\xa0', 'in', '\xa0', 'the', '\xa0', 'basic', '\xa0', 'design', '\xa0', 'work', '\xa0', 'of', '\xa0', 'the', '\xa0', 'company', 's', '\xa0', 'social', '\xa0', 'medias', '\xa0', 'such', '\xa0', 'as', '\xa0', 'photo', '\xa0', 'processing', '\xa0', 'copywriting', '\xa0', 'and', '\xa0', 'poster', '\xa0', 'design']",本科,1,2023-04-06 08:51:00,德利康,11~50人,广东省,生物|医药,2023-04-06,2023
总经办实习生,125.0,2个月,"['工作', '内容']",本科,1,2023-04-10 14:59:00,B.Duck 小黄鸭,301~1000人,广东省,快速消费品,2023-04-10,2023
法务实习生,125.0,3个月,['岗位职责'],本科,2,2023-04-10 15:07:00,B.Duck 小黄鸭,301~1000人,广东省,快速消费品,2023-04-10,2023
海外公寓咨询顾问,175.0,2个月,"['岗位', '要求']",本科,20,2023-03-21 13:24:00,学旅家,101~300人,上海市,互联网|游戏|软件,2023-03-21,2023
内容运营实习生,116.67,3个月,"['职位', '描述']",本科,2,2023-03-20 15:29:00,丁香园,1001~3000人,浙江省,互联网|游戏|软件,2023-03-20,2023
选品实习生,140.0,3个月,"['\xa0', '负责', '开发', '潜力', '成为', '爆款', '品类', '产品', '进行', '资源', '拓展', '维护']",本科,2,2023-03-27 11:20:00,企鹅吃喝指南,51~100人,上海市,互联网|游戏|软件,2023-03-27,2023
百科优质内容运营实习生-化学方向,147.5,3个月,"['用户', '生产', '高校', '百科', '条目', '进行', '打分', '给出', '修改意见', '内容', '质量', '进行', '把关']",本科,1,2023-03-20 14:31:00,字节跳动,3001人及以上,上海市,互联网|游戏|软件,2023-03-20,2023
销售商务专员,155.0,2个月,[],本科,1,2023-03-21 09:26:00,盖瑞特,1001~3000人,上海市,汽车|机械|制造,2023-03-21,2023
财务实习生,110.0,3个月,"['增值税', '专用发票', '增值税', '普通发票', '广东省', '地方', '税收', '通用', '发票', '开具']",本科,2,2023-03-20 09:21:00,东软,3001人及以上,广东省,互联网|游戏|软件,2023-03-20,2023
门店实习生,140.0,3个月,"['实习', '岗位', '介绍', '原则上', '实习生', '储备', '干部', '门店', '实习', '实习', '结束', '特长', '意愿', '实习', '评价', '分配', '门店', '采购部', '商品', '企划部', '仓储', '部门', '部门', '业务', '需求', '实习生', '无需', '门店', '实习', '职能', '岗位', '实习']",大专,10,2023-03-30 11:51:00,逸之源,101~300人,浙江省,快速消费品,2023-03-30,2023
财务助理,115.0,3个月,"['协助', '领导', '收集', '整理', '相关', '资料']",大专,4,2023-04-10 14:36:00,成功快车,51~100人,广东省,互联网|游戏|软件,2023-04-10,2023
软件测试实习生,155.0,3个月,"['承担', '多媒体', '软件', '产品质量', '测试', '管理', '相关', '工作']",本科,1,2023-04-10 13:13:00,尼禄软件,11~50人,浙江省,互联网|游戏|软件,2023-04-10,2023
人力资源实习生,110.0,3个月,"['方法', '人才库', '网站', '社交', '平台', '完成', '目标', '候选人', '搜寻', '工作']",本科,1,2023-04-10 17:42:00,募格网络,50~150人,陕西省,互联网|游戏|软件,2023-04-10,2023
UI实习生,155.0,4个月,"['\xa0', '参与', '公司', '产品', '移动', 'PC', '用户界面', '交互', '设计', 'UI', '设计', '\xa0']",本科,3,2023-04-06 10:21:00,尼禄软件,11~50人,浙江省,互联网|游戏|软件,2023-04-06,2023
AI绘画平面实习生,155.0,长期,"['\xa0', '一定', '线上', '宣传', '物料', '设计', '排版', '经验', '移动', '端的', '设计', '经验', '优先']",本科,1,2023-04-10 13:13:00,尼禄软件,11~50人,浙江省,互联网|游戏|软件,2023-04-10,2023
文员助理实习生,125.0,2个月,"['工作', '职责']",大专,3,2023-04-10 09:11:00,募格网络,50~150人,陕西省,互联网|游戏|软件,2023-04-10,2023
法律合规部实习生,225.0,3个月,"['协助', '支持', '投资', '业务', '对拟', '投', '项目', '进行', '法律', '合规', '初步', '调研', '详细', '尽调', '整理', '工作', '底稿', '撰写', '法律', '尽调', '报告', '进行', '法律', '合规性', '评估', '揭示', '风险', '提出', '响应', '解决方案']",硕士,1,2023-03-30 09:36:00,国投招商,101~300人,江苏省,金融,2023-03-30,2023
法务实习生,135.0,3个月,['岗位职责'],本科,1,2023-03-28 15:55:00,编程猫,3001人及以上,广东省,互联网|游戏|软件,2023-03-28,2023
Marketing and Communication,125.0,4个月,"['\xa0', '社交', '媒体', '主要', '负责', '小红书', '视频', '号', 'B', '站', '协助', '微信', '公众', '号', 'SKEMA', '\xa0', 'Suzhou', '\xa0', '微信', '朋友圈', '微博', '运营']",本科,2,2023-03-27 09:37:00,SK商学院,11~50人,江苏省,教育培训,2023-03-27,2023
市场招生助理,125.0,3个月,"['维护', '客户', '收集', '更新', '来自', '渠道', '潜在', '客户', '信息']",本科,1,2023-03-27 09:37:00,SK商学院,11~50人,江苏省,教育培训,2023-03-27,2023
财务实习生,140.0,6个月,"['\xa0', '协助', '主管', '完成', '基础', '财务', '审批', '流程']",大专,1,2023-03-29 17:51:00,淘米网络,301~1000人,上海市,互联网|游戏|软件,2023-03-29,2023
运营实习生,150.0,3个月,"['协助', '私募', '基金', '设立', '过程', '募集', '成立', '备案', '工作']",本科,2,2023-03-29 17:33:00,展弘投资,11~50人,上海市,金融,2023-03-29,2023
Analyst Intern,110.0,3个月,"['\xa0', 'Copy', '\xa0', 'editing', '\xa0', 'on', '\xa0', 'both', '\xa0', 'Chinese', '\xa0', 'and', '\xa0', 'English']",本科,1,2023-04-07 10:36:00,RTG,51~100人,上海市,广告|传媒|文化|体育,2023-04-07,2023
人力资源咨询项目助理,110.0,3个月,"['线上', '参与', '配合', '人力资源', '项目', '调研', '分析', '方案', '配套', '材料', '梳理', '设计', '\xa0']",本科,10,2023-04-04 10:48:00,驱动咨询,51~100人,上海市,咨询/法律/人力资源,2023-04-04,2023
咨询师,150.0,3个月,"['交通运输', '部', '提供', '技术', '支撑']",硕士,1,2023-04-10 14:09:00,中路交科,11~50人,北京市,咨询/法律/人力资源,2023-04-10,2023
投标助手,150.0,3个月,['岗位职责'],本科,1,2023-04-07 13:37:00,普仕英才,51~100人,北京市,咨询/法律/人力资源,2023-04-07,2023
猎头顾问助理实习生,115.0,3个月,"['协助', '资深', '猎头', '顾问', '整理', '收集', '目标', '行业', '信息', '分析', '客户', '需求']",本科,5,2023-04-06 09:34:00,赛睿人力资源,301~1000人,广东省,咨询/法律/人力资源,2023-04-06,2023
VIP特邀买家实习生,170.0,4个月,[],大专,10,2023-04-07 09:05:00,cioe中国光博会,51~100人,广东省,政府/非盈利机构/其他,2023-04-07,2023
客户经理助理,150.0,3个月,"['商务', '线索', '挖掘', '搜寻', '各地', '创业', '大赛', '人才', '政策', '相关', '信息', '协助', '数据', '统计']",本科,100,2023-04-07 11:40:00,景行科创,11~50人,浙江省,咨询/法律/人力资源,2023-04-07,2023
校内大使实习,100.0,长期,"['\xa0', '在校', '工作', '负责', '海亮', '国际', '语培', '校园', '品牌', '产品', '宣传', '工作', '品牌', '推广', '课程', '宣传', '筹备', '社群']",本科,30,2023-04-10 13:28:00,海亮国际教育,101~300人,浙江省,教育培训,2023-04-10,2023
行政助理,125.0,长期,"['\xa0', '协助', '处理', '公司', '办公室', '事务', '包括', '办公', '费用', '报销', '发票', '开具', '活动', '组织']",大专,1,2023-04-10 10:53:00,迈睿咨询,11~50人,广东省,咨询/法律/人力资源,2023-04-10,2023
助理猎头顾问,125.0,长期,"['客户', '职位', '需求', '评估', '分析', '分析', '招聘', '需求', '详细信息', '实施', '有效', '招聘', '行动']",本科,2,2023-04-10 10:53:00,迈睿咨询,11~50人,广东省,咨询/法律/人力资源,2023-04-10,2023
客户运营,150.0,长期,"['负责', '联系', '维护', '创业项目']",不限,5,2023-04-10 17:52:00,景行创服,10人以内,浙江省,政府/非盈利机构/其他,2023-04-10,2023
人力资源咨询项目助理,125.0,2个月,"['线上', '参与', '配合', '人力资源', '项目', '调研', '分析', '方案', '配套', '材料', '梳理', '设计', '\xa0']",本科,30,2023-04-04 10:48:00,驱动咨询,51~100人,上海市,咨询/法律/人力资源,2023-04-04,2023
猎头助理实习生,110.0,长期,"['项目经理', '培训', '指导', '电话', '沟通', '为主', '进行', '人才', '初期', '寻访']",不限,3,2023-04-09 10:10:00,赛睿人力资源,301~1000人,广东省,咨询/法律/人力资源,2023-04-09,2023
PRIntern,125.0,3个月,"['Sample', '\xa0', 'management']",本科,1,2023-04-07 10:36:00,RTG,51~100人,上海市,广告|传媒|文化|体育,2023-04-07,2023
人力资源实习生,110.0,3个月,"['项目', '要求', '公司', '系统', '数据库', '进行', '分类', '整理', '录入']",本科,1,2023-04-07 09:45:00,赛睿人力资源,301~1000人,广东省,咨询/法律/人力资源,2023-04-07,2023
猎头顾问实习生,150.0,3个月,"['协助', '专业', '顾问', '分析', '客户', '职位', '需求', '明确', '目标', '公司', '用人', '需求', '候选人', '职业', '发展', '诉求']",本科,30,2023-04-10 10:01:00,科锐国际,101~300人,吉林省,咨询/法律/人力资源,2023-04-10,2023
行政/文员,110.0,3个月,"['负责', '公司', '接待', '访客', '及时', '准确', '通知', '被访', '人员']",大专,2,2023-04-10 10:50:00,普仕英才,51~100人,北京市,咨询/法律/人力资源,2023-04-10,2023
猎头顾问助理实习生,100.0,3个月,"['协助', '资深', '顾问', '整理', '收集', '目标', '行业', '信息', '客户', '所在', '行业', '客户', '需求', '目标', '职位', '分析', '拟定', '候选人', '寻访', '方案']",本科,2,2023-04-10 09:45:00,赛睿人力资源,301~1000人,广东省,咨询/法律/人力资源,2023-04-10,2023
职称专员,110.0,长期,"['负责', '提供', '类别', '职称评定', '政策', '解读', '职称', '规划', '职称', '申报', '流程', '服务', '工作']",大专,2,2023-04-10 10:34:00,科沃园集团,51~100人,广东省,咨询/法律/人力资源,2023-04-10,2023
财务实习生,110.0,3个月,"['协助', '会计', '处理', '日常', '工作', '事项']",大专,2,2023-04-06 09:34:00,赛睿人力资源,301~1000人,广东省,咨询/法律/人力资源,2023-04-06,2023
猎头实习生,135.0,长期,"['深入', '了解', '行业', '客户', '职位', '信息', '制定', '搜索', '方向', '目标']",本科,3,2023-04-10 10:53:00,迈睿咨询,11~50人,广东省,咨询/法律/人力资源,2023-04-10,2023
助理咨询师,180.0,3个月,"['\xa0', '协助', '咨询', '顾问', '参与', '公司', '咨询', '研究', '项目', '搜集', '资料', '报告', '撰写']",本科,5,2023-04-10 17:36:00,君百略咨询,51~100人,北京市,咨询/法律/人力资源,2023-04-10,2023
新媒体运营实习生,165.0,3个月,"['参与', '公司', '产品', '内容', '品牌形象', '推广', '宣传', '工作', '各类', '渠道', '分享', '机制', '建立', '提升', '资讯', '流量']",本科,1,2023-04-10 17:36:00,君百略咨询,51~100人,北京市,咨询/法律/人力资源,2023-04-10,2023
薪酬管理实习生,90.0,3个月,"['协助', '完成', '员工', '信息', '维护', '档案', '整理', '工作']",本科,1,2023-04-10 09:44:00,赛睿人力资源,301~1000人,广东省,咨询/法律/人力资源,2023-04-10,2023
活动实习生,175.0,6个月,"['\xa0', '能够', '活动', '进行', '策划', '执行', '评估', '监测', '善用', '平台', '玩法', '整合', '活动', '资源']",本科,1,2023-04-10 14:17:00,BT教育,101~300人,广东省,互联网|游戏|软件,2023-04-10,2023
短视频达人 新媒体运营实习生 北京,175.0,3个月,['岗位职责'],本科,5,2023-03-29 13:35:00,中科美伦数字技术股份公司,11~50人,北京市,生物|医药,2023-03-29,2023
培训实习生,175.0,3个月,"['职责', '描述']",本科,1,2023-03-28 15:15:00,手回集团,301~1000人,广东省,互联网|游戏|软件,2023-03-28,2023
市场运营实习生,175.0,3个月,"['职责', '描述']",本科,1,2023-03-28 15:04:00,手回集团,301~1000人,广东省,互联网|游戏|软件,2023-03-28,2023
招聘顾问实习生,130.0,3个月,"['客户', '所在', '行业', '客户', '需求', '目标', '职位', '分析', '拟定', '一套', '完善', '用人', '寻访', '目标', '公司', '候选人', '寻访', '方案']",本科,10,2023-04-03 10:19:00,普仕英才,51~100人,北京市,咨询/法律/人力资源,2023-04-03,2023
创意视觉设计师实习生,165.0,6个月,"['\xa0', '协助', '同事', '完成', '小米', '平台', '场景', '智能', '营销', '创意', '视觉', '设计', '包括', '电视', 'OTT', 'AIOT', '品牌', '主在', '小米', '生态', '平台', '投放', '广告', '制定', '创意', '解决方案']",本科,1,2023-03-22 16:39:00,小米科技,3001人及以上,上海市,互联网|游戏|软件,2023-03-22,2023
行业研究员实习生,65.0,3个月,"['\xa0', '行业', '公司', '财务', '基本面', '分析', '研究', '上市公司', '价值', '撰写', '投资', '报告']",本科,1,2023-03-28 14:01:00,大谦资管,10人以内,北京市,金融,2023-03-28,2023
部门助理,135.0,长期,"['制作', '管理', '数据报表']",本科,1,2023-03-28 13:56:00,FAFULI,101~300人,上海市,咨询/法律/人力资源,2023-03-28,2023
信息审核实习生,150.0,3个月,"['网络', '信息安全', '当前', '热门', '岗位', '获得', '网络', '信息安全', '第一手', '信息', '走', '政策', '前线', '跟上', '时代', '步伐']",大专,1,2023-03-22 09:52:00,凡科,301~1000人,广东省,互联网|游戏|软件,2023-03-22,2023
小红书运营实习生,175.0,3个月,"['职责', '描述']",本科,1,2023-03-27 10:29:00,手回集团,301~1000人,广东省,互联网|游戏|软件,2023-03-27,2023
蔚来产品专家,125.0,6个月,"['展厅', '接待', '潜在用户', '介绍', '车辆', '信息', '解答', '疑问']",大专,1,2023-03-17 16:51:00,NIO蔚来,3001人及以上,上海市,汽车|机械|制造,2023-03-17,2023
交付实习生,125.0,6个月,"['负责', '交付', '现场', '秩序', '维护', '物料', '准备']",大专,1,2023-03-17 16:50:00,NIO蔚来,3001人及以上,上海市,汽车|机械|制造,2023-03-17,2023
服务代表实习生,125.0,4个月,"['蔚来', '汽车', '服务', '流程', '负责', '车辆', '接待', '及交车', '工作', '确保', '交车', '车辆', '完成', '所有', '服务', '诉求', '项目']",大专,2,2023-03-17 16:49:00,NIO蔚来,3001人及以上,上海市,汽车|机械|制造,2023-03-17,2023
蔚来顾问助理,125.0,6个月,"['展厅', '接待', '潜在用户', '介绍', '车辆', '信息', '解答', '疑问']",大专,1,2023-03-17 16:49:00,NIO蔚来,3001人及以上,上海市,汽车|机械|制造,2023-03-17,2023
蔚来产品专家,125.0,6个月,"['展厅', '接待', '潜在用户', '介绍', '车辆', '信息', '解答', '疑问']",大专,1,2023-03-17 16:49:00,NIO蔚来,3001人及以上,上海市,汽车|机械|制造,2023-03-17,2023
法务助理实习生/Paralegal Internship,165.0,6个月,"['\xa0', 'This', '\xa0', 'is', '\xa0', 'an', '\xa0', 'exciting', '\xa0', 'internship', '\xa0', 'opportunity', '\xa0', 'for', '\xa0', 'those', '\xa0', 'who', '\xa0', 'are', '\xa0', 'seeking', '\xa0', 'for', '\xa0', 'practical', '\xa0', 'working', '\xa0', 'experience', '\xa0', 'and', '\xa0', 'fully', '\xa0', 'involving', '\xa0', 'in', '\xa0', 'team', '\xa0', 'cooperation', '\xa0', 'in', '\xa0', 'large', '\xa0', 'multinational', '\xa0', 'companies', '\xa0', 'You', '\xa0', 'will', '\xa0', 'closely', '\xa0', 'support', '\xa0', 'the', '\xa0', 'work', '\xa0', 'of', '\xa0', 'Legal', '\xa0', 'Manager', '\xa0', 'in', '\xa0', 'China', '\xa0', 'as', '\xa0', 'well', '\xa0', 'as', '\xa0', 'APAC', '\xa0', 'Legal', '\xa0', 'Head']",本科,2,2023-03-17 14:18:00,隶属世界500强达飞集团,1001~3000人,北京市,交通|物流|贸易,2023-03-17,2023
HR Intern 人事实习生,150.0,3个月,"['Primary', '\xa0', 'Responsibilities']",本科,1,2023-03-17 11:25:00,SABIC,3001人及以上,上海市,能源|环保,2023-03-17,2023
供应链customer service,130.0,3个月,"['\xa0', 'Order', '\xa0', 'Fulfillment']",本科,1,2023-03-17 11:25:00,SABIC,3001人及以上,上海市,能源|环保,2023-03-17,2023
客户邀约实习生,145.0,3个月,"['\xa0', '\xa0', '公司', '提供', '客户资源', '目标', '客户', '群体', '进行', '电话', '沟通']",不限,4,2023-03-27 18:03:00,FAFULI,101~300人,上海市,咨询/法律/人力资源,2023-03-27,2023
初级IT咨询顾问,175.0,长期,"['能够', '埃森哲', '技术', '实习生', '项目', '获得']",本科,100,2023-03-17 10:55:00,埃森哲,3001人及以上,上海市,咨询/法律/人力资源,2023-03-17,2023
酒店助理,100.0,长期,"['每天', '早上', '下午', '晚上', '完成', '全部', '客房', '除湿机', '倒水', '工作', '检查', '客房', '状况']",不限,10,2023-03-20 19:15:00,康藤旅游,101~300人,云南省,政府/非盈利机构/其他,2023-03-20,2023
行政助理实习生,125.0,2个月,"['\xa0', '联络人', '协助', 'GCO', '\xa0', 'China', '进行', '临床试验', '审批', '材料', '盖章', '邮寄']",本科,1,2023-04-10 13:29:00,利奥医药,101~300人,四川省,生物|医药,2023-04-10,2023
人力资源实习生-员工关系方向,125.0,2个月,"['协助', '员工', '关系', '入', '续', '转', '调', '手续', '办理']",本科,1,2023-04-10 13:29:00,利奥医药,101~300人,四川省,生物|医药,2023-04-10,2023
行政助理实习生,125.0,2个月,"['\xa0', '联络人', '协助', 'GCO', '\xa0', 'China', '进行', '临床试验', '审批', '材料', '盖章', '邮寄']",本科,1,2023-04-10 13:29:00,利奥医药,101~300人,辽宁省,生物|医药,2023-04-10,2023
人力资源实习生-员工关系方向,125.0,2个月,"['协助', '员工', '关系', '入', '续', '转', '调', '手续', '办理']",本科,1,2023-04-10 13:29:00,利奥医药,101~300人,辽宁省,生物|医药,2023-04-10,2023
行政助理实习生,125.0,2个月,"['\xa0', '联络人', '协助', 'GCO', '\xa0', 'China', '进行', '临床试验', '审批', '材料', '盖章', '邮寄']",本科,1,2023-04-10 13:29:00,利奥医药,101~300人,广东省,生物|医药,2023-04-10,2023
人力资源实习生-员工关系方向,125.0,2个月,"['协助', '员工', '关系', '入', '续', '转', '调', '手续', '办理']",本科,1,2023-04-10 13:29:00,利奥医药,101~300人,广东省,生物|医药,2023-04-10,2023
行政助理实习生,125.0,2个月,"['\xa0', '联络人', '协助', 'GCO', '\xa0', 'China', '进行', '临床试验', '审批', '材料', '盖章', '邮寄']",本科,1,2023-04-10 13:29:00,利奥医药,101~300人,上海市,生物|医药,2023-04-10,2023
人力资源实习生-员工关系方向,125.0,2个月,"['协助', '员工', '关系', '入', '续', '转', '调', '手续', '办理']",本科,1,2023-04-10 13:29:00,利奥医药,101~300人,上海市,生物|医药,2023-04-10,2023
行政助理实习生,125.0,2个月,"['\xa0', '联络人', '协助', 'GCO', '\xa0', 'China', '进行', '临床试验', '审批', '材料', '盖章', '邮寄']",本科,1,2023-04-10 13:29:00,利奥医药,101~300人,江西省,生物|医药,2023-04-10,2023
人力资源实习生-员工关系方向,125.0,2个月,"['协助', '员工', '关系', '入', '续', '转', '调', '手续', '办理']",本科,1,2023-04-10 13:29:00,利奥医药,101~300人,江西省,生物|医药,2023-04-10,2023
行政助理实习生,125.0,2个月,"['\xa0', '联络人', '协助', 'GCO', '\xa0', 'China', '进行', '临床试验', '审批', '材料', '盖章', '邮寄']",本科,1,2023-04-10 13:29:00,利奥医药,101~300人,江苏省,生物|医药,2023-04-10,2023
人力资源实习生-员工关系方向,125.0,2个月,"['协助', '员工', '关系', '入', '续', '转', '调', '手续', '办理']",本科,1,2023-04-10 13:29:00,利奥医药,101~300人,江苏省,生物|医药,2023-04-10,2023
行政助理实习生,125.0,2个月,"['\xa0', '联络人', '协助', 'GCO', '\xa0', 'China', '进行', '临床试验', '审批', '材料', '盖章', '邮寄']",本科,1,2023-04-10 13:29:00,利奥医药,101~300人,陕西省,生物|医药,2023-04-10,2023
人力资源实习生-员工关系方向,125.0,2个月,"['协助', '员工', '关系', '入', '续', '转', '调', '手续', '办理']",本科,1,2023-04-10 13:29:00,利奥医药,101~300人,陕西省,生物|医药,2023-04-10,2023
行政助理实习生,125.0,2个月,"['\xa0', '联络人', '协助', 'GCO', '\xa0', 'China', '进行', '临床试验', '审批', '材料', '盖章', '邮寄']",本科,1,2023-04-10 13:29:00,利奥医药,101~300人,北京市,生物|医药,2023-04-10,2023
人力资源实习生-员工关系方向,125.0,2个月,"['协助', '员工', '关系', '入', '续', '转', '调', '手续', '办理']",本科,1,2023-04-10 13:29:00,利奥医药,101~300人,北京市,生物|医药,2023-04-10,2023
行政助理实习生,125.0,2个月,"['\xa0', '联络人', '协助', 'GCO', '\xa0', 'China', '进行', '临床试验', '审批', '材料', '盖章', '邮寄']",本科,1,2023-04-10 13:29:00,利奥医药,101~300人,山东省,生物|医药,2023-04-10,2023
人力资源实习生-员工关系方向,125.0,2个月,"['协助', '员工', '关系', '入', '续', '转', '调', '手续', '办理']",本科,1,2023-04-10 13:29:00,利奥医药,101~300人,山东省,生物|医药,2023-04-10,2023
行政助理实习生,125.0,2个月,"['\xa0', '联络人', '协助', 'GCO', '\xa0', 'China', '进行', '临床试验', '审批', '材料', '盖章', '邮寄']",本科,1,2023-04-10 13:29:00,利奥医药,101~300人,湖北省,生物|医药,2023-04-10,2023
人力资源实习生-员工关系方向,125.0,2个月,"['协助', '员工', '关系', '入', '续', '转', '调', '手续', '办理']",本科,1,2023-04-10 13:29:00,利奥医药,101~300人,湖北省,生物|医药,2023-04-10,2023
行政助理实习生,125.0,2个月,"['\xa0', '联络人', '协助', 'GCO', '\xa0', 'China', '进行', '临床试验', '审批', '材料', '盖章', '邮寄']",本科,1,2023-04-10 13:29:00,利奥医药,101~300人,浙江省,生物|医药,2023-04-10,2023
人力资源实习生-员工关系方向,125.0,2个月,"['协助', '员工', '关系', '入', '续', '转', '调', '手续', '办理']",本科,1,2023-04-10 13:29:00,利奥医药,101~300人,浙江省,生物|医药,2023-04-10,2023
行政助理实习生,125.0,2个月,"['\xa0', '联络人', '协助', 'GCO', '\xa0', 'China', '进行', '临床试验', '审批', '材料', '盖章', '邮寄']",本科,1,2023-04-10 13:29:00,利奥医药,101~300人,吉林省,生物|医药,2023-04-10,2023
人力资源实习生-员工关系方向,125.0,2个月,"['协助', '员工', '关系', '入', '续', '转', '调', '手续', '办理']",本科,1,2023-04-10 13:29:00,利奥医药,101~300人,吉林省,生物|医药,2023-04-10,2023
行政助理实习生,125.0,2个月,"['\xa0', '联络人', '协助', 'GCO', '\xa0', 'China', '进行', '临床试验', '审批', '材料', '盖章', '邮寄']",本科,1,2023-04-10 13:29:00,利奥医药,101~300人,云南省,生物|医药,2023-04-10,2023
人力资源实习生-员工关系方向,125.0,2个月,"['协助', '员工', '关系', '入', '续', '转', '调', '手续', '办理']",本科,1,2023-04-10 13:29:00,利奥医药,101~300人,云南省,生物|医药,2023-04-10,2023
